Spot ID,ET10 vs ET12,ET10 vs ET14,ET10 vs ET16,ET10 vs ET18,ET10 vs NB,ET10 vs 1w,ET10 vs 2w,ET10 vs 4w,ET 10 vs 8w,ET10 vs 14w,ET10 vs 22w,ET10 vs 42w,ET10 vs 75w,ET10 vs 100w,ET12 vs ET14,ET12 vs ET16,ET12 vs ET18,ET12 vs NB,ET12 vs 1w,ET12 vs 2w,ET12 vs 4w,ET 12 vs 8w,ET12 vs 14w,ET12 vs 22w,ET12 vs 42w,ET12 vs 75w,ET12 vs 100w,ET14 vs ET16,ET14 vs ET18,ET14 vs NB,ET14 vs 1w,ET14 vs 2w,ET14 vs 4w,ET 14 vs 8w,ET14 vs 14w,ET14 vs 22w,ET14 vs 42w,ET14 vs 75w,ET14 vs 100w,ET16 vs ET18,ET16 vs NB,ET16 vs 1w,ET16 vs 2w,ET16 vs 4w,ET 16 vs 8w,ET16 vs 14w,ET16 vs 22w,ET16 vs 42w,ET16 vs 75w,ET16 vs 100w,ET18 vs NB,ET18 vs 1w,ET18 vs 2w,ET18 vs 4w,ET 18 vs 8w,ET18 vs 14w,ET18 vs 22w,ET18 vs 42w,ET18 vs 75w,ET18 vs 100w,NB vs 1w,NB vs 2w,NB vs 4w,NB vs 8w,NB vs 14w,NB vs 22w,NB vs 42w,NB vs 75w,NB vs 100w,1w vs 2w,1w vs 4w,1w vs 8w,1w vs 14w,1w vs 22w,1w vs 42w,1w vs 75w,1w vs 100w,2w vs 4w,2w vs 8w,2w vs 14w,2w vs 22w,2w vs 42w,2w vs 75w,2w vs 100w,4w vs 8w,4w vs 14w,4w vs 22w,4w vs 42w,4w vs 75w,4w vs 100w,8w vs 14w,8w vs 22w,8w vs 42w,8w vs 75w,8w vs 100w,14w vs 22w,14w vs 42w,14w vs 75w,14w vs 100w,22w vs 42w,22w vs 75w,22w vs 100w,42w vs 75w,42w vs 100w,75w vs 100w
277,,3.25,,,,,,1.3,1.7,21.38,,7.07,,,2.66,,,,,,,,17.48,,5.78,,,0.35,,0.35,,0.44,0.4,,6.57,0.36,2.17,0.32,0.4,,,,,,,18.97,,6.28,,,,,,,,15.42,,5.1,,,,,,1.48,18.53,,6.13,,,,,,14.64,,,,,,,15.1,,4.99,,,,16.46,,5.45,,,12.55,,4.15,0.62,,0.05,0.33,0.05,0.06,6.03,,,0.15,0.18,
302,,,4.43,,,,,0.75,,5.75,,2.79,0.63,,,3.6,,0.63,,,0.61,,4.67,,,0.51,,4.1,,,,,,,5.32,,2.59,0.58,,,0.17,,0.24,0.17,0.17,,0.16,,0.14,0.18,,,,,,,,,0.58,,,,,,7.45,,3.62,,,,,,,,,,,,,5.31,,2.58,0.58,,,7.71,,3.75,,,7.54,,3.66,,,0.12,,0.11,0.14,4.06,,,0.22,0.29,
303,2.09,2.12,13.97,2.27,1.38,,3.14,1.73,4.27,52.36,,13.43,1.36,1.79,,,,,,,,,,,,,,6.59,,0.65,,,,,24.7,,6.34,0.64,,0.16,0.1,,0.23,0.12,,3.75,0.11,,0.1,0.13,0.61,,,,,23.09,,5.92,0.6,,,2.28,,3.1,37.98,,9.74,,,,,,,,,,,0.55,,16.65,0.5,4.27,0.43,0.57,2.47,30.25,,7.76,0.79,,,,,0.32,0.42,0.03,,0.03,0.03,8.48,,,0.1,0.13,
351,,5.87,2.8,2.21,2.13,1.73,19.77,2.2,2.74,3.78,2.05,2.53,2.42,2.05,4.08,1.95,1.53,1.48,,13.74,,1.9,2.63,,,1.68,1.43,0.48,0.38,0.36,0.29,3.36,0.37,0.47,0.64,0.35,0.43,0.41,0.35,,,,7.06,,,1.35,,,,0.73,,,8.96,,,,,,,,,9.29,,,1.77,,,,,11.41,,,2.18,,,,,0.11,0.14,0.19,0.1,0.13,0.12,0.1,,1.72,,,,,1.38,,,,0.75,0.54,,0.64,0.54,,,,,,
355,1.43,1.37,6.85,,1.83,,15.83,,1.59,2.39,,1.9,1.52,1.45,,4.8,,,,11.1,,,,,,,,5,,1.34,,11.56,,,1.75,,,,,,0.27,0.21,2.31,0.2,0.23,0.35,0.19,0.28,0.22,0.21,,,9.02,,,,,,,,,8.65,,,,,,,,11.15,,,,,,,,0.09,0.1,0.15,0.08,0.12,0.1,0.09,,,,,,,,,,,,,,0.63,0.6,,,,,,
374,,,9.95,,2.25,,3.63,,,0.46,,,,,,7.01,,1.59,,2.56,0.64,0.5,0.32,0.48,0.56,0.59,0.59,9.96,,2.26,,3.63,,0.71,0.46,,,,,,0.23,,0.36,0.09,0.07,0.05,0.07,0.08,0.08,0.08,,,,,,0.28,,,,0.51,,,0.4,0.31,0.2,0.3,0.35,0.37,0.37,3.03,,,0.38,,,,,0.25,0.19,0.13,0.19,0.22,0.23,0.23,,0.5,,,,,0.65,,,,,1.48,1.74,1.81,1.82,,,,,,
375,1.8,4.09,4.31,2.72,2.18,,5.12,,,3.69,3.08,,2.08,1.8,2.28,2.4,,,,2.85,,0.57,2.05,,,,,,,0.53,,,,0.25,,,0.42,0.51,0.44,,0.51,0.32,,0.58,0.24,,,0.4,0.48,0.42,,0.51,1.88,,0.38,,,,,0.66,,2.35,,0.47,,,,,,3.69,,,,,,,,0.49,0.2,,0.6,0.34,0.41,0.35,0.41,,,,,,3.57,2.99,1.68,2.02,1.75,,,0.56,0.49,,,0.58,,,
406,,,0.56,0.32,0.68,0.59,0.4,0.53,,,,,,,,0.58,0.33,0.7,0.61,0.41,0.54,0.58,,,,,,0.73,,,,0.51,0.68,,,,,,1.63,,,,,,,,1.35,2.03,2.08,2.25,2.14,,,,,,,3.56,3.66,3.95,,0.58,,,,,1.67,1.71,1.85,,,,,1.28,1.92,1.97,2.12,,,1.91,1.92,2.88,2.96,3.19,,,1.44,2.17,2.23,2.4,,,,2.05,2.21,,,,1.67,,1.54,1.66,,,
416,,,,,,,0.25,0.31,0.27,,,,,0.2,,,,,0.39,0.25,0.31,0.27,,0.49,0.51,0.26,0.2,,,,,0.21,0.26,0.23,,0.41,0.42,0.22,0.17,,,,0.3,0.37,0.32,,,,,0.24,,0.47,0.31,0.37,0.33,,0.59,,0.31,0.24,,0.39,0.47,0.41,,,,0.39,0.31,,,,,,,,0.52,,,,,,,,,,1.59,1.64,,0.66,2.06,1.81,1.86,,0.75,,,,0.36,,,0.41,,0.4,
442,,0.57,0.52,,0.31,0.55,0.5,0.53,,,,,0.61,,0.47,0.43,,0.26,0.45,0.41,0.43,0.61,,0.62,0.39,0.5,0.68,,,,,,,,1.69,,,,1.46,,,,,,,1.85,,,,1.6,0.43,,,,,,,,,,,1.59,,2.38,3.08,2.41,,1.96,2.66,,,1.35,1.75,1.37,,,1.51,,1.49,1.94,1.52,,,1.67,1.41,1.83,1.43,,,1.58,,,,,,0.78,,0.64,,,,,,,1.36
514,,,1.21,,,3.29,0.56,2.96,4.04,1.36,2.6,3.22,2.86,2.53,,1.44,1.51,1.54,3.89,0.66,3.51,4.79,1.6,3.07,3.81,3.39,3,1.84,1.94,1.98,5,,4.5,6.15,2.06,3.95,4.9,4.35,3.85,,,2.71,0.46,2.44,3.33,,2.14,2.66,2.36,2.09,,2.57,0.44,2.32,3.16,,2.03,2.52,2.24,1.98,2.53,0.43,,3.11,,,2.48,2.2,1.95,0.17,,,0.41,,,,,5.3,7.24,2.43,4.65,5.77,5.12,4.54,,0.46,,,,,0.34,,,,,1.92,2.38,2.11,1.87,,,,,,
520,,1.26,1.43,1.99,1.53,1.95,1.33,4.09,1.5,,4.34,3.44,2.85,3.79,,1.76,2.44,1.87,2.39,1.62,5.01,1.84,,5.32,4.22,3.5,4.65,,1.58,1.21,1.55,,3.25,1.19,0.67,3.45,2.74,2.27,3.02,1.39,,1.36,,2.85,,0.59,3.03,2.4,1.99,2.65,0.77,,0.67,2.05,0.75,0.42,2.18,1.73,1.43,1.91,1.28,,2.68,,0.55,2.84,2.25,1.87,2.48,0.68,2.09,0.77,0.43,2.22,1.76,1.46,1.94,3.08,,0.64,3.27,2.6,2.15,2.86,0.37,0.21,,,,,0.56,2.89,2.3,1.9,2.53,5.14,4.08,3.38,4.49,,,,,,
524,1.41,2.01,1.39,1.56,1.5,1.5,0.71,1.57,1.5,4.99,,1.22,1.67,1.62,,,,,,0.5,,,3.53,,,,,0.69,,0.75,,0.35,0.78,,2.48,,0.61,,,,,,0.51,,,3.59,,,,,,,0.46,,,3.19,,,,,,0.48,,,3.33,,,,,0.48,,,3.33,,,,,2.2,2.11,6.99,1.92,1.71,2.34,2.27,,3.18,,0.78,,,3.32,,,,,0.27,0.24,0.33,0.32,,,,1.37,,
525,,2.55,1.91,1.74,1.75,1.8,0.53,1.46,,4.27,2.23,,1.46,1.66,1.87,,,,,0.39,,,3.13,,,,,0.75,,0.69,,0.21,0.57,0.4,1.68,0.87,0.44,0.57,0.65,,,,0.28,0.76,0.53,2.24,,0.58,,,,,0.31,,0.58,2.46,,0.64,,,,0.3,,0.58,2.44,1.27,0.63,,,0.29,,0.56,2.37,,0.62,,,2.74,1.9,8.03,4.19,2.09,2.74,3.12,0.7,2.93,1.53,,,,4.22,2.2,,1.44,1.64,0.52,0.26,0.34,0.39,0.5,0.66,,1.31,1.49,
538,1.81,3.49,2.94,2.33,2.86,2.88,0.31,4.21,2.01,0.78,4.58,10.94,4.06,4.02,1.93,1.62,,1.58,,0.17,2.32,,0.43,2.53,6.04,2.24,2.22,,,,,0.09,,0.58,0.22,,3.14,,,,,,0.1,1.43,0.68,0.26,,3.72,,,,,0.13,,,0.33,,4.7,,,,0.11,1.47,0.7,0.27,1.6,3.82,1.42,,0.11,,,0.27,,,,,13.69,6.54,2.53,14.91,35.58,13.19,13.06,0.48,0.18,,2.6,,,0.39,2.28,5.44,2.02,2,5.89,14.06,5.21,5.16,2.39,,,0.37,0.37,
539,,,,,,,0.02,0.28,0.36,,,,,0.26,,,,,,0.04,,,,,0.28,0.43,0.44,,,,,0.03,0.38,0.48,,,,,0.34,,,,0.02,0.27,0.34,,,,0.24,0.24,,,0.04,,,,,0.29,0.45,0.46,,0.05,0.54,,,,0.3,0.47,0.48,0.06,,,,,,,,11.68,14.78,32.64,23.05,6.63,10.28,10.57,,,,,,,,,,,,,,,,,,,,,
543,,2.42,,3.37,3.17,,0.21,,0.75,0.59,0.65,,,,,,,,,0.2,,,,,,,,,,,,0.09,,0.31,0.24,0.27,0.33,0.33,,,,,0.13,,,,,,,,,0.26,0.06,0.35,0.22,0.18,0.19,0.24,0.24,0.23,0.27,0.06,0.37,0.24,0.19,0.21,0.25,0.25,0.24,0.24,,,,,,,,5.65,3.65,2.87,3.18,3.93,3.86,3.73,0.65,0.51,0.56,0.7,0.68,,,,,,,,,1.34,,1.24,,,,,
556,1.69,3.51,0.23,,0.13,0.23,0.19,,,,0.29,0.37,,,,0.14,0.12,0.08,0.14,0.11,0.45,0.39,0.44,0.17,0.22,0.39,0.47,0.07,0.06,0.04,0.07,0.05,0.22,0.19,0.21,0.08,0.11,0.19,0.23,,0.58,,,3.31,2.83,3.19,,1.62,2.87,3.46,,,,,,,,,3.15,3.79,1.76,1.44,5.75,4.91,5.54,2.19,2.81,4.99,6.01,,3.26,2.79,3.14,,1.59,2.83,3.41,4,3.42,3.85,1.52,1.96,3.47,4.18,,,0.38,0.49,,,,0.45,0.57,,,0.4,0.51,,,,2.28,2.74,1.78,2.14,
560,,,,,,,,,,,,,,,,,,,,,,,,,,,,1.69,,,,1.76,,2.51,,,3.75,,,,0.62,0.67,,0.67,1.49,,0.66,2.23,0.75,,,,1.69,,2.41,,,3.6,,,,1.69,,2.4,1.38,,3.59,1.2,,1.56,,2.23,1.28,,3.33,,,0.64,1.43,,0.63,2.13,0.71,,2.23,1.28,,3.32,,,0.57,0.44,1.49,0.5,,0.77,2.61,,,3.37,,,0.33,,
561,,1.89,,2.41,1.92,,5.43,2.4,,2.97,,,2.04,2.21,,,,,,3.23,,,,,0.5,,,,,,,2.87,,0.62,1.57,,0.45,,,,,,3.46,,,,,,,,,,2.25,,0.49,,,0.35,,,,2.83,1.25,0.61,1.55,,0.44,,,3.64,,,,,,,,0.44,0.22,,0.26,0.16,0.38,0.41,0.49,,,0.35,,,2.52,,,1.73,1.88,0.48,0.28,,,0.59,,,2.42,2.62,
564,,1.21,1.64,2.56,2.71,2.72,1.62,1.77,1.75,2.69,2.23,2.47,1.61,1.44,,1.61,2.52,2.67,2.68,1.59,1.74,1.72,2.65,2.2,2.43,1.58,1.42,1.36,2.12,2.25,2.25,,1.46,1.45,2.23,1.85,2.04,1.33,,1.56,1.66,1.66,,,,1.64,,1.51,,,,,0.63,0.69,0.68,,,,0.63,0.56,,0.6,0.65,0.65,,,,0.59,0.53,0.6,0.65,0.64,,,,0.59,0.53,,,1.66,,,,,,1.52,,1.39,,,1.54,,1.41,,,,,0.6,0.54,,0.72,0.65,0.65,0.59,
566,,,,,2.35,4.05,,3.62,0.27,5.48,1.55,15.82,1.74,,,,,3.15,,,,0.36,7.35,,21.22,,,,,1.9,3.28,,2.93,0.22,4.43,,12.8,,,,2.26,3.89,,3.48,0.26,5.27,,15.21,,,1.88,3.24,0.49,2.9,0.22,4.39,,12.67,,,,0.26,,0.12,,,6.73,,0.31,0.15,,0.07,,0.38,,,0.18,5.96,0.45,9.02,2.56,26.05,2.86,,0.08,,0.43,4.37,,0.2,20.16,5.71,58.22,6.39,2.72,0.28,,,0.13,10.19,,,0.11,0.05,0.43
570,,,,,5.42,4.11,0.09,3.44,0.13,2.1,,3.94,,,0.51,,,5.05,3.83,0.08,,0.12,,,3.67,,0.29,,,9.89,7.51,0.16,6.28,0.24,3.83,,7.19,2.63,,,7.2,,0.12,,0.17,,,,,,5.81,4.41,0.09,3.69,0.14,2.25,,4.23,,0.34,,0.02,,0.02,0.39,0.18,,0.27,0.06,0.02,,0.03,,0.24,,,0.08,39.33,,24.01,11.09,45.07,16.48,3.61,0.04,,0.28,,,0.09,16.3,7.53,30.6,11.19,2.45,0.46,,,0.15,4.06,,,,0.08,0.22
581,,0.41,,,4.24,,,,,,,,,,0.6,,1.67,6.1,3.46,,2.44,2.69,,,,2.37,1.46,2.37,2.8,10.24,5.81,,4.1,4.52,2.01,2.58,2.35,3.98,2.46,,4.32,,,,,,,,,,3.66,,0.43,,,,,,,,,0.12,,0.44,0.2,0.25,0.23,0.39,0.24,0.21,,,0.35,,0.4,,0.42,,3.75,,,,3.3,2.04,,,,,,,0.44,0.57,0.52,,,,,1.98,,,,,,,
586,,0.58,,,2.6,,7.35,,2.73,3.53,,3.24,,2.87,,1.42,1.49,3.38,2.21,9.54,1.97,3.55,4.58,1.91,4.21,2.29,3.73,1.89,1.98,4.48,2.94,12.65,2.61,4.7,6.08,2.53,5.58,3.04,4.94,,2.38,1.56,6.71,,2.5,3.22,,2.96,,2.62,2.27,1.49,6.4,,2.38,3.08,,2.82,1.54,2.5,,2.82,,,,0.56,,,,4.31,,,,,,,,0.21,0.37,,0.2,0.44,0.24,0.39,,2.33,,2.14,,1.9,,0.54,,,,0.42,,,,2.21,,1.96,,,
592,,0.61,0.31,0.28,0.26,0.43,,0.37,0.48,0.7,,0.46,0.49,0.3,0.42,0.22,0.2,0.18,0.3,0.33,0.26,0.33,0.49,0.51,0.32,0.34,0.21,0.51,0.46,0.43,0.71,,0.6,0.79,,,0.77,,0.5,,,1.4,,,1.53,2.25,2.37,1.5,1.58,,,1.54,1.7,1.3,1.69,2.48,2.62,1.65,1.74,,1.65,1.82,1.4,1.82,2.66,2.81,1.77,1.87,,,,,1.61,1.7,,,0.7,,,,,,,0.63,1.3,1.9,2.01,1.27,1.34,,1.47,1.55,,,0.64,,0.67,0.7,0.43,0.63,0.67,0.41,,0.65,0.62
593,,0.38,0.07,0.07,0.06,0.11,,0.12,0.07,0.28,0.25,0.13,0.15,0.19,0.52,0.1,0.1,0.08,0.15,0.35,0.17,0.1,0.38,0.35,0.18,0.21,0.27,0.19,0.19,0.15,0.29,,0.33,0.2,,0.67,0.34,0.4,,,,1.5,3.56,1.72,,3.83,3.49,1.77,2.08,2.7,,1.51,3.58,1.73,,3.85,3.51,1.78,2.09,2.72,1.86,4.41,2.13,1.27,4.75,4.33,2.19,2.58,3.35,2.38,,0.68,2.55,2.33,,1.39,1.8,0.48,0.29,,,0.5,0.58,,0.6,2.23,2.03,,1.21,1.57,3.73,3.4,1.73,2.03,2.64,,0.46,0.54,,0.51,0.6,,,1.53,
612,3.83,1.29,,,,,,1.36,,1.46,,1.46,1.62,1.94,0.34,0.3,0.42,0.22,0.22,,0.36,0.33,0.38,0.33,0.38,0.42,,,,0.66,0.65,,,,,,,,,,0.75,0.74,,,,1.29,,,,,0.53,0.52,,,,,,,,,,2.39,1.6,1.5,1.71,1.48,1.71,1.9,2.28,2.42,1.62,1.52,1.74,1.51,1.74,1.93,2.31,,,,,,,,,,,,,,,,,,,,,,,,,,,,
637,,0.41,0.31,0.32,0.26,0.26,0.32,0.22,0.4,0.37,0.21,0.48,0.3,0.23,0.57,0.44,0.45,0.36,0.37,0.45,0.3,0.55,0.52,0.29,,0.41,0.32,0.77,,0.64,0.65,0.79,0.54,,,0.51,,0.73,0.56,,,,,,1.26,,0.66,1.54,,,,,,,,,,,,,,1.24,,1.54,1.44,,1.88,,,,,1.5,,0.79,1.83,,,,1.23,,0.65,1.51,,,1.81,1.71,,2.22,1.35,,,0.53,,0.75,0.57,0.56,,0.79,0.61,2.32,1.42,,0.61,0.47,0.76
656,1.37,2.05,,,1.32,1.68,1.59,3.39,2.25,0.77,1.84,1.53,2.41,3.67,,0.66,,,,,2.48,1.65,0.56,,,1.76,2.69,0.44,,0.64,,,1.65,,0.38,,0.75,,1.79,,1.48,1.87,1.77,3.78,2.51,,2.05,1.71,2.68,4.1,,,,2.74,,0.62,,,1.95,2.97,1.27,1.2,2.56,1.7,0.58,1.39,,1.82,2.78,,2.02,1.34,0.46,,,1.43,2.19,2.13,1.42,0.49,,,1.51,2.31,0.66,0.23,0.54,0.45,0.71,,0.34,,0.68,,1.63,2.39,1.98,3.12,4.76,,1.31,1.99,1.57,2.4,1.53
671,0.54,0.42,0.13,0.08,0.09,0.15,0.12,0.17,0.29,0.11,0.13,0.18,0.2,0.28,,0.24,0.15,0.17,0.27,0.23,0.32,0.53,0.2,0.24,0.33,0.37,0.51,0.31,0.2,0.22,0.35,0.29,0.41,0.68,0.26,0.31,0.42,0.47,0.66,0.64,0.73,,,1.33,2.23,,,1.37,1.54,2.15,,1.75,1.48,2.07,3.47,,1.57,2.13,2.4,3.34,1.54,1.3,1.82,3.05,,1.38,1.87,2.11,2.94,,,1.98,0.75,,,1.37,1.9,1.4,2.34,,,1.44,1.62,2.26,1.68,0.64,0.76,,,1.62,0.38,0.45,0.61,0.69,,,1.62,1.82,2.54,1.36,1.53,2.13,,1.57,1.39
679,,,1.73,1.26,1.28,1.51,0.12,2.14,,,2.33,2.14,1.62,2.55,,2.07,1.52,1.53,1.82,0.15,2.56,,,2.8,2.57,1.94,3.06,2.1,1.54,1.55,1.84,0.15,2.6,,,2.83,2.6,1.97,3.1,0.73,0.74,,0.07,,0.49,0.53,,,,1.48,,,0.1,1.69,0.67,,1.85,1.69,,2.02,,0.1,1.67,0.66,0.72,1.82,1.67,,1.99,0.08,1.41,0.56,,1.54,1.41,,1.68,17.27,6.82,7.39,18.85,17.31,13.08,20.61,0.4,0.43,,,,,,2.76,2.54,1.92,3.02,2.55,2.34,1.77,2.79,,,,,,1.58
696,,0.38,0.35,,0.44,0.57,,,2.25,4.77,,,2.05,,0.57,0.53,,0.66,,,,3.4,7.19,2.13,,3.09,1.98,,,,1.49,2.26,2.04,5.95,12.6,3.72,2.53,5.4,3.47,,1.25,1.62,2.44,2.21,6.44,13.64,4.03,2.74,5.85,3.76,,,,,4.96,10.51,,,4.51,2.9,1.29,1.95,1.77,5.14,10.88,3.21,2.19,4.67,3,,1.37,3.99,8.44,2.49,1.7,3.62,2.33,,2.63,5.58,,,2.39,,2.91,6.16,1.82,,2.64,1.7,2.12,0.63,0.43,,0.58,0.3,0.2,0.43,0.28,0.68,1.45,,2.14,,0.64
700,1.87,,,,,,,,0.4,,,5.41,,,,,,0.45,,,,0.21,0.48,0.66,2.9,,0.45,,0.65,0.36,0.51,,,0.17,0.39,0.53,2.31,,0.36,,0.4,,,,0.19,0.42,,,,0.39,0.55,,,,0.26,0.59,,3.54,,0.55,1.43,1.71,2.11,0.47,,1.46,6.39,1.68,,,,0.33,,,4.48,,,,0.28,0.62,,3.74,,0.58,0.22,0.51,,,,,2.26,3.1,13.53,3.54,2.11,1.37,5.98,1.57,,4.37,,,0.26,0.16,0.6
709,,0.52,1.87,,,,,,,2.48,,,,,,,,,,,,,3.7,,,,,3.61,2.1,1.95,1.54,1.85,1.9,1.53,4.77,1.76,1.93,1.65,1.82,,0.54,0.43,0.51,0.53,0.42,,0.49,0.54,0.46,0.5,,,,,,2.28,,,,,,,,,2.45,,,,,,,,3.09,,,,,,,2.59,,,,,,2.51,,,,,3.12,,,,,0.37,0.4,0.35,0.38,,,,,,
738,,0.31,0.29,,0.14,0.09,0.09,,0.32,0.38,0.27,0.23,0.15,,0.34,0.32,0.24,0.16,0.1,0.1,0.13,,,0.3,0.26,0.17,,,,0.46,0.29,0.31,,,,,,,,,,0.31,0.33,,,,,,,,,0.42,0.44,,,,,,,2.73,,,,2.29,2.73,,,,4.21,,,3.57,4.25,3.01,2.59,1.71,6.54,,3.42,4.07,2.88,2.48,,6.27,,,,,,4.9,,,,,,,0.61,0.4,,,,2.18,,2.53,3.83
754,,,0.57,0.8,,,1.64,,4.3,2.97,2.08,1.76,1.39,1.36,,0.45,0.63,0.69,0.72,,,3.4,2.35,1.64,,,,0.52,0.72,0.79,,1.48,,3.89,2.69,1.88,1.59,1.26,1.23,1.39,1.53,1.59,2.87,1.7,7.52,5.2,3.63,3.07,2.44,2.37,,,2.06,,5.4,3.73,2.61,2.21,1.75,1.71,,1.87,,4.9,3.39,2.37,2,1.59,1.55,1.81,,4.73,3.27,2.29,1.93,1.53,1.49,0.59,2.62,1.81,,,,,4.43,3.06,2.14,1.81,1.44,1.4,0.69,0.48,0.41,0.32,0.32,0.7,0.59,0.47,0.46,,0.67,0.65,0.79,0.77,
762,0.61,,0.61,0.58,,0.4,0.35,0.55,0.68,,,2.05,0.57,,,,,,0.65,0.58,,,1.62,,3.34,,1.38,,0.61,,0.41,0.37,0.57,,,,2.13,0.59,,,,0.65,0.57,,,1.62,,3.34,,,,0.68,0.6,,,1.7,1.42,3.5,,1.45,,0.66,,,,,3.84,,1.59,,1.39,1.72,2.5,2.08,5.14,1.43,2.13,1.56,1.94,2.82,2.35,5.8,1.61,2.4,,1.8,1.5,3.71,,1.54,1.45,,2.99,,,,2.06,0.57,,2.47,0.69,,0.28,0.41,1.49
764,,1.44,,,,0.47,3.01,,,0.67,,1.46,0.72,,,,0.68,,0.34,2.16,,0.63,0.48,0.64,,0.52,,0.72,,0.77,0.33,,,0.61,0.47,0.62,,0.5,,,,0.46,2.91,1.22,,0.65,,1.42,0.7,,,0.51,3.2,,,,,,0.77,,0.43,2.7,,0.79,0.61,,1.32,0.65,,6.34,2.66,1.86,1.42,1.88,3.09,1.52,2.35,,0.29,0.22,0.3,,0.24,0.37,0.7,0.53,0.71,,0.57,,0.76,,1.66,,,1.33,2.18,,1.66,1.64,,,0.49,,1.55
778,,,0.35,,0.24,0.25,,0.27,0.34,0.26,0.25,0.2,0.16,0.26,,0.32,0.42,0.21,0.23,,0.24,0.31,0.24,0.23,0.18,0.15,0.24,0.54,,0.36,0.38,,0.41,0.53,0.4,0.38,0.3,0.25,0.4,,,0.71,,,,,,,0.47,,0.51,0.53,,,,,0.54,0.43,0.35,0.56,,2.33,,,,,,,,2.22,,1.39,,,,,,,,,0.46,0.36,0.3,0.48,,,,,,,,,,0.48,,,,,,,,,,,1.6
781,1.3,1.56,2.17,2.2,2.31,2.04,23.67,1.68,2.67,1.95,1.39,1.4,1.68,1.42,,1.67,1.69,1.77,1.57,18.17,1.29,2.05,1.49,,,1.29,,1.39,1.41,1.48,,15.16,,1.71,1.25,,,,,,,,10.91,0.78,1.23,,0.64,0.65,0.77,0.66,,,10.76,0.77,,,0.63,0.64,0.76,0.65,,10.26,0.73,,,0.6,0.61,0.73,0.62,11.59,,,,0.68,0.69,,0.7,0.07,0.11,0.08,0.06,0.06,0.07,0.06,1.58,,,,,,0.73,0.52,0.53,0.63,0.53,0.71,0.72,,0.73,,1.21,,,,
785,1.34,1.36,1.64,1.99,2.35,2.22,9.45,1.82,2.47,2.11,1.59,1.43,1.69,1.5,,1.23,1.49,1.76,1.66,7.07,1.36,1.85,1.57,,,1.27,,1.2,1.46,1.72,1.62,6.92,1.33,1.81,1.54,,,1.24,,1.21,1.43,1.35,5.76,,1.51,1.28,,,,,,,4.75,,1.24,,0.8,0.72,,0.76,,4.02,0.77,,,0.67,0.61,0.72,0.64,4.26,,,,0.72,0.65,0.76,0.68,0.19,0.26,0.22,0.17,0.15,0.18,0.16,1.36,,,0.79,,,,0.64,0.58,0.68,0.61,0.75,0.68,,0.71,,,,,,
801,1.76,2.09,1.48,,1.42,,2.71,1.42,,3.02,4.53,,2.25,1.54,,,,,0.51,,,0.5,,,,,,,,0.68,0.43,,0.68,0.43,,2.17,,,,,,0.61,1.83,,0.6,2.04,3.06,,,,,,2.24,,,2.49,3.74,,1.85,,0.63,1.91,,0.63,2.12,3.19,,1.58,,3.01,1.57,,3.35,5.03,1.75,2.49,1.7,0.52,0.33,,,,,,0.63,2.13,3.2,,1.59,,3.39,5.09,1.77,2.52,1.72,,,,0.51,0.35,,0.34,,,
802,1.9,1.9,2.02,2.52,2.7,2.21,6.76,2.09,1.61,3.95,2.21,1.66,1.78,1.81,,,1.33,1.42,,3.57,,,2.08,,,,,,1.32,1.42,,3.55,,,2.08,,,,,,1.34,,3.35,,,1.96,,,,,,,2.68,,0.64,1.57,,0.66,0.71,0.72,,2.51,0.78,0.6,1.47,,0.62,0.66,0.67,3.05,,0.73,1.78,,0.75,,,0.31,0.24,0.58,0.33,0.25,0.26,0.27,0.77,1.89,,0.79,,,2.45,1.37,,,,0.56,0.42,0.45,0.46,0.75,,,,,
804,,,,,,,0.4,2.63,3.16,,3.82,3.68,3.62,2.87,,2.3,,2.1,2.17,0.55,3.65,4.4,,5.31,5.12,5.04,3.99,1.73,,1.58,1.63,,2.75,3.31,,3.99,3.85,3.79,3,,,,0.24,,1.92,0.54,2.31,2.23,2.19,,,,0.36,,,,3.5,3.37,3.32,2.63,,0.26,,2.09,0.59,2.53,2.44,2.4,1.9,0.25,,2.02,0.57,2.44,2.36,2.32,1.83,6.62,7.97,,9.63,9.29,9.13,7.23,,0.34,,,,,0.28,,,,,4.31,4.16,4.09,3.24,,,,,,
805,,,1.41,1.38,1.53,2,,3.85,4.99,4.86,4.58,6.1,5.23,5.39,,1.62,1.58,1.76,2.3,,4.43,5.73,5.58,5.25,7,6.01,6.19,1.62,1.58,1.75,2.29,,4.42,5.71,5.57,5.24,6.99,5.99,6.17,,,1.42,,2.73,3.53,3.44,3.24,4.31,3.7,3.81,,1.45,0.6,2.79,3.61,3.52,3.32,4.42,3.79,3.91,1.31,0.54,2.52,3.26,3.17,2.99,3.98,3.42,3.52,0.42,1.92,2.49,2.43,2.28,3.05,2.61,2.69,4.62,5.98,5.83,5.49,7.32,6.27,6.46,,,,1.58,,,,,,,,,,,,,,,,,
806,,,,,1.93,,,5.25,7.55,3.08,5.41,7.96,4.86,4.94,,1.96,1.79,2.28,2.23,0.66,6.19,8.9,3.63,6.38,9.38,5.73,5.82,1.39,,1.63,1.59,0.47,4.41,6.34,2.59,4.55,6.69,4.08,4.15,,,,0.34,3.17,4.55,1.86,3.26,4.8,2.93,2.98,,,0.37,3.46,4.97,,3.57,5.24,3.2,3.25,,0.29,2.71,3.9,1.59,2.8,4.11,2.51,2.55,0.3,2.77,3.98,1.62,2.86,4.2,2.56,2.61,9.34,13.43,5.48,9.63,14.15,8.64,8.78,,0.59,,,,,0.41,,,,,1.76,2.58,1.58,,,,,,,
811,0.73,,,,,,,2.22,8.14,1.44,3.49,4.26,3.24,6.03,,1.55,1.63,1.69,1.87,,3.05,11.16,1.98,4.78,5.84,4.45,8.26,1.43,1.51,1.56,1.73,,2.81,10.31,1.83,4.42,5.4,4.11,7.63,,,,,1.97,7.21,1.28,3.09,3.78,2.87,5.34,,,0.68,1.86,6.83,,2.92,3.58,2.72,5.06,,0.66,1.8,6.59,,2.82,3.45,2.63,4.88,,,5.96,,2.55,3.12,2.38,4.42,2.72,9.98,1.77,4.27,5.23,3.98,7.39,3.66,,,,,2.71,0.18,0.43,0.52,0.4,,2.41,2.95,2.25,4.17,,,,,,1.86
811,,2.99,,,,,0.43,0.46,0.44,0.47,0.5,0.56,0.44,0.41,,,,,0.49,0.37,0.4,0.38,0.4,0.43,0.48,0.38,0.36,0.37,0.32,0.3,0.19,0.14,0.15,0.15,0.16,0.17,0.19,0.15,0.14,,,,0.38,0.41,0.39,0.42,0.45,0.5,0.39,0.37,,0.6,0.45,0.48,0.46,0.49,0.52,0.59,0.46,0.43,,0.47,0.51,0.48,0.52,0.55,0.62,0.49,0.46,,,,,,,,,,,,,1.31,,,,,,,,,,,,,,,,,,,,,,,
814,,,,,1.34,,0.38,3.3,3.17,0.55,8.18,2.13,3.09,4.09,,,,,,0.59,,,,,,4.72,6.25,,,,,0.32,,2.6,0.45,6.72,1.75,2.54,3.36,,,,0.34,,2.8,0.49,7.23,,2.73,3.61,,,0.27,,2.26,0.39,5.83,,2.2,2.92,,0.29,2.46,2.37,0.41,6.11,1.59,2.31,3.06,0.24,,1.98,0.34,5.12,,,2.56,8.58,8.26,,21.31,5.55,8.05,10.65,,0.17,,,,,0.17,2.58,0.67,,,14.88,3.87,5.62,7.44,0.26,,,,,
818,,,1.46,1.52,1.77,2.34,,3.56,10.26,5.09,4.7,4.7,4.31,4.07,,1.59,1.66,1.94,2.57,,3.89,11.23,5.57,5.14,5.15,4.71,4.45,1.74,1.81,2.12,2.81,,4.26,12.28,6.09,5.62,5.63,5.15,4.87,,,1.61,0.68,2.44,7.04,3.49,3.23,3.23,2.96,2.79,,1.55,0.65,2.35,6.77,3.36,3.1,3.1,2.84,2.68,1.32,0.56,2.01,5.79,2.88,2.65,2.66,2.43,2.3,0.42,1.52,4.37,2.17,2,2.01,1.84,1.74,3.6,10.37,5.15,4.75,4.76,4.36,4.11,2.88,,,,,,0.5,0.46,0.46,0.42,0.4,,,,,,,,,,
829,,,,1.87,1.97,2.23,,3.85,55.59,3.37,4.52,4.19,3.79,6.68,,1.61,2.15,2.26,2.56,,4.42,63.9,3.87,5.2,4.82,4.36,7.67,1.53,2.04,2.15,2.43,,4.21,60.79,3.68,4.94,4.58,4.15,7.3,1.34,1.41,1.59,0.55,2.75,39.78,2.41,3.24,3,2.71,4.78,,,0.41,2.06,29.78,1.8,2.42,2.25,2.03,3.58,,0.39,1.95,28.24,1.71,2.3,2.13,1.93,3.39,0.34,1.73,24.97,1.51,2.03,1.88,1.7,3,5.03,72.67,4.4,5.91,5.48,4.96,8.73,14.45,,,,,1.74,0.06,0.08,0.08,0.07,0.12,,,,1.98,,,1.48,,1.59,1.76
837,1.69,,0.65,0.68,0.68,0.66,,0.41,,0.24,0.19,0.3,0.29,0.29,0.47,0.39,0.4,0.4,0.39,0.32,0.24,0.57,0.14,0.11,0.18,0.17,0.17,,,,,,0.52,1.2,0.3,0.24,0.38,0.37,0.36,,,,,0.62,1.46,0.36,0.29,0.46,0.45,0.44,,,,0.6,1.41,0.35,0.28,0.45,0.43,0.42,,,0.61,1.41,0.35,0.28,0.45,0.44,0.43,,0.62,1.46,0.36,0.29,0.46,0.45,0.44,,,0.44,0.35,0.56,0.55,0.54,2.34,0.58,0.46,0.74,0.72,0.7,0.25,0.2,0.32,0.31,0.3,,1.28,1.25,1.22,1.59,1.55,1.51,,,
838,,,0.09,0.11,0.1,0.14,,0.22,0.44,,0.31,0.51,0.12,0.1,,0.22,0.25,0.24,0.33,,,,,,,0.29,0.24,0.14,0.16,0.15,0.21,,0.32,,,0.46,,0.19,0.15,,,1.54,4.19,2.36,4.8,8.05,3.39,5.64,1.36,,,,3.57,2.01,4.09,6.86,2.89,4.81,,,1.4,3.8,2.14,4.34,7.3,3.07,5.11,1.23,,2.72,1.53,3.1,5.21,2.19,3.65,,,,,,,,0.32,0.26,2.03,3.41,1.44,2.39,0.58,0.47,1.68,0.71,,0.28,0.23,0.42,,0.17,0.14,1.67,0.4,0.33,0.24,0.2,
858,0.51,,,0.32,0.41,,,,2.5,2.18,,11.53,,,2.37,3.97,0.64,,2.17,1.79,2.88,4.91,4.28,2.63,22.67,2.36,,,0.27,0.34,,,,2.07,1.8,,9.55,,0.41,0.16,0.2,,0.45,,,,,,,0.25,,3.41,2.81,4.52,7.72,6.73,4.13,35.63,3.7,1.54,2.69,2.21,3.57,6.09,5.31,3.26,28.11,2.92,,,,2.26,1.97,,10.45,,0.45,,2.75,2.4,,12.69,,0.55,,,,7.88,,0.34,,0.54,4.62,,0.2,0.61,5.3,,0.23,8.63,,0.37,0.1,0.04,0.42
871,,2.19,0.68,,0.63,,,0.33,1.76,0.66,,0.34,0.45,0.37,1.82,0.56,,0.52,0.56,,0.27,,0.54,0.64,0.28,0.37,0.31,0.31,0.37,0.29,0.31,,0.15,,0.3,0.35,0.16,0.21,0.17,,,,,0.48,2.61,,,0.51,0.67,0.55,,,,0.4,2.16,,,0.42,0.55,0.45,,1.86,0.52,2.8,,,0.54,0.72,0.59,,0.48,2.62,,,0.51,0.67,0.55,0.28,,,,0.29,0.38,0.32,5.41,2.01,2.37,,1.38,,0.37,0.44,0.19,0.26,0.21,,0.52,0.69,0.56,0.44,0.58,0.48,1.31,,
916,3.07,9.86,0.38,0.35,0.38,0.58,0.28,,,0.45,0.23,0.43,,,,0.12,0.11,0.12,0.19,0.09,0.46,0.28,0.15,0.07,0.14,0.31,0.29,0.04,0.04,0.04,0.06,0.03,0.14,0.09,0.05,0.02,0.04,0.1,0.09,,,1.52,0.74,3.75,2.25,,0.6,,2.5,2.38,,1.65,,4.07,2.45,,0.65,,2.72,2.58,1.51,0.73,3.7,2.23,,0.59,,2.48,2.35,0.49,2.46,1.48,,0.39,,1.64,,5.07,3.05,1.63,,1.55,3.39,3.22,0.6,0.32,0.16,0.31,0.67,,0.53,0.27,0.51,,,0.5,,2.08,1.98,1.91,4.16,3.96,2.18,2.07,
943,,1.98,,1.63,1.62,1.58,0.47,1.8,1.75,,1.79,1.39,1.86,1.89,,,,,,0.34,,,0.63,,,,1.36,0.67,,,0.8,0.24,,,0.44,,0.7,,,,,,0.36,,1.33,0.67,,,1.41,1.43,,,0.29,,,0.54,,,,,,0.29,,,0.54,,,,,0.3,,,0.56,,,,,3.82,3.71,1.86,3.79,2.95,3.95,4,,0.49,,,,,0.5,,0.8,,,2.03,1.58,2.12,2.15,,,,1.34,1.36,
949,,,,,,,,,,,,,1.39,,,,,,,,,,0.77,0.76,,,,,,,,,,,,,,,,,,,,,,,,,,,,,,,,,,,,,,,,,,,,,,,,,,,,,,,,,,,,,,,,,1.49,,,,,1.48,,,,1.55,1.31,,1.57,1.33,,,
961,,,,,0.69,0.42,0.31,0.29,0.36,0.61,,0.38,0.37,,,,,,,0.56,0.52,,,,,,,,,,0.56,0.41,0.38,0.48,,1.43,0.5,0.49,,,0.61,0.37,0.27,0.25,0.32,0.53,,0.33,0.32,,,,0.5,0.46,,,,,,,0.6,0.44,0.41,0.52,,1.55,0.54,0.53,,,0.69,,1.45,2.57,,,,,,1.97,3.48,,,,1.27,2.12,3.75,1.31,,,1.67,2.96,,,,1.77,0.62,,,0.35,0.34,,,,
963,0.34,0.21,0.13,0.13,0.14,0.14,0.15,0.13,0.35,0.14,0.14,0.25,0.15,0.11,0.62,0.39,0.37,0.42,0.4,0.44,0.36,,0.4,0.39,0.72,0.42,0.31,0.63,,0.68,0.65,0.72,0.59,1.62,0.65,0.64,,0.69,0.51,,,,,,2.58,,,1.86,,,,,,,2.71,,,1.95,,,,,,2.39,,,1.72,,0.75,,,2.51,,,1.81,,0.79,,2.26,,,1.63,,0.71,2.76,,,1.98,,,0.4,0.39,0.72,0.42,0.31,,1.79,,0.78,1.83,,0.8,0.59,0.43,0.74
968,,2.37,,,,,,0.69,0.59,,5.91,,,,,,,,,,0.55,0.47,,4.68,,,0.67,0.46,,0.48,0.34,0.34,0.29,0.25,0.36,2.49,0.46,0.35,0.35,,,0.73,,0.63,0.54,,5.4,,,,,,,0.63,0.53,,5.39,,,,0.7,,0.6,0.51,,5.16,,,0.73,,,0.73,,7.36,1.35,,,,,,7.31,,,,,,8.57,1.57,,,,10.07,1.85,,1.43,6.91,,,,0.18,0.14,0.14,,,
969,0.58,0.37,0.63,0.34,0.4,0.49,0.57,0.32,,0.4,0.33,2.04,0.5,0.47,0.63,,0.59,0.69,,,0.55,1.5,0.68,0.56,3.5,,,1.72,,,1.33,1.54,,2.37,,,5.54,,,0.54,0.63,0.77,,0.51,1.38,0.63,0.52,3.23,,,,,1.66,,2.55,,,5.95,,1.37,,1.42,0.8,2.18,,,5.09,,,,0.66,1.79,,0.67,4.18,,,0.56,1.54,0.7,0.57,3.59,,,2.73,1.24,,6.37,1.57,1.46,0.45,0.37,2.33,0.57,0.54,,5.15,,,6.26,1.54,1.44,0.25,0.23,
971,,,1.21,1.56,1.77,1.61,4.42,2.25,1.85,2.73,1.92,1.85,2.15,2.48,,,1.43,1.63,1.48,4.08,2.07,1.71,2.51,1.77,1.71,1.98,2.29,1.26,1.63,1.86,1.69,4.64,2.36,1.95,2.86,2.01,1.94,2.26,2.61,1.29,1.47,1.33,3.67,1.86,1.54,2.26,1.59,1.54,1.79,2.06,,,2.84,1.44,,1.75,1.23,,1.38,1.6,,2.5,1.27,,1.54,,,1.21,1.4,2.75,1.4,,1.69,,,1.34,1.54,0.51,0.42,0.62,0.43,0.42,0.49,0.56,,,,,,,1.47,,,,1.34,0.7,0.68,0.79,,,,1.3,,1.34,
973,0.62,0.41,0.22,0.24,0.28,0.26,0.42,0.23,1.26,0.4,0.24,0.3,0.24,0.32,0.66,0.35,0.39,0.45,0.41,0.68,0.37,2.01,0.64,0.38,0.49,0.38,0.52,0.54,0.59,0.68,0.62,,0.56,3.05,,0.58,,0.58,,,1.27,,1.92,,5.7,1.81,,1.38,,1.47,,,1.74,,5.17,1.64,,,,1.33,,1.51,,4.49,1.42,,,,,1.66,,4.93,1.56,,,,,0.55,2.97,,0.56,0.72,0.56,0.76,5.41,1.72,,1.3,,1.39,0.32,0.19,0.24,0.19,0.26,0.6,,0.59,,1.27,,1.35,0.78,,1.36
974,1.26,,1.29,,1.34,,3.63,0.58,0.69,2,0.67,0.39,0.53,0.41,,,,,0.75,2.88,0.46,0.55,1.59,0.54,0.31,0.42,0.33,1.2,,1.25,,3.38,0.54,0.64,1.86,0.63,0.36,0.49,0.39,,,0.73,2.81,0.45,0.53,1.55,0.52,0.3,0.41,0.32,,,3.11,0.49,0.59,1.71,0.58,0.33,0.45,0.35,0.7,2.7,0.43,0.51,1.48,0.5,0.29,0.39,0.31,3.84,0.61,0.73,2.11,0.71,0.41,0.56,0.44,0.16,0.19,0.55,0.19,0.11,0.15,0.11,,3.46,,0.67,,0.72,2.9,,0.56,0.76,0.6,0.34,0.19,0.26,0.21,0.58,0.78,0.61,1.36,,0.78
987,0.48,,0.52,,0.39,0.23,0.37,0.15,0.18,0.25,0.11,0.1,0.12,0.11,,,,,0.49,,0.31,0.37,0.53,0.22,0.21,0.25,0.24,,,0.59,0.35,0.55,0.22,0.27,0.38,0.16,0.15,0.18,0.17,,,0.45,,0.29,0.34,0.49,0.2,0.19,0.23,0.22,,0.51,,0.32,0.38,0.55,0.23,0.22,0.25,0.25,0.59,,0.38,0.45,0.65,0.27,0.25,0.3,0.29,1.57,0.64,0.76,,0.45,0.43,0.5,0.48,0.41,0.48,0.7,0.29,0.27,0.32,0.31,,1.72,0.71,0.67,0.79,0.76,1.44,0.6,0.56,0.66,0.64,0.41,0.39,0.46,0.44,,,,,,
988,1.23,1.62,1.69,2.09,2.47,1.98,,2.13,3.67,2.94,2.1,2.08,2.07,2.41,1.32,1.37,1.7,2.01,1.61,0.63,1.73,2.99,2.39,1.71,1.69,1.69,1.96,,1.29,1.52,1.22,0.48,1.31,2.26,1.81,,,1.28,1.48,,1.46,,0.46,1.26,2.17,1.74,,,1.23,1.42,,,0.37,,1.75,1.4,,,,,,0.31,,,,,,,,0.39,,1.85,1.48,,,,1.21,2.73,4.71,3.77,2.69,2.67,2.66,3.09,1.73,1.38,,,,,,0.57,0.57,0.56,0.66,,,0.71,,,,,,,
993,1.69,1.54,1.56,1.75,2.05,1.68,4.79,1.77,1.32,1.25,,,1.45,1.32,,,,,,2.83,,,,0.54,0.66,,,,,1.33,,3.12,,,,0.6,0.72,,,,1.31,,3.07,,,,0.59,0.71,,,,,2.74,,,,0.53,0.64,,0.76,,2.34,,0.64,0.61,0.45,0.54,0.71,0.65,2.85,,0.78,0.74,0.55,0.66,,,0.37,0.28,0.26,0.19,0.23,0.3,0.28,0.75,0.71,0.52,0.63,,0.75,,0.7,,,,0.74,,,,1.21,1.57,1.44,1.3,,
995,,0.46,0.26,0.45,0.56,0.42,0.47,0.41,11.44,4.87,0.41,0.61,0.39,,,0.4,,,,,,17.91,7.62,,,0.6,,0.56,,1.21,,,,24.92,10.61,,,,1.74,1.76,2.18,1.63,1.86,1.6,44.81,19.08,1.61,2.4,1.51,3.13,1.24,,,,25.46,10.84,,1.37,,1.78,0.74,,0.73,20.52,8.74,0.74,,0.69,1.43,,,27.57,11.74,,1.48,,1.93,,24.11,10.26,,1.29,,1.68,27.99,11.92,,1.5,,1.96,0.43,0.04,0.05,0.03,0.07,0.08,0.13,0.08,0.16,1.49,,1.95,0.63,,2.08
1026,1.26,,,,,1.33,21.51,1.33,1.59,1.71,,,1.32,,,,,,,17.04,,1.26,1.36,0.78,,,,,,,1.24,19.92,1.23,1.47,1.59,,,1.22,,,,,18.28,,1.35,1.46,,,,,,,16.32,,,,0.75,,,,1.22,19.71,1.22,1.46,1.57,,,1.21,,16.12,,,1.28,0.74,,,,0.06,0.07,0.08,0.05,0.05,0.06,0.06,,1.29,0.74,,,,,0.62,0.69,,0.75,0.57,0.64,0.77,0.7,,1.34,1.22,1.2,,
1027,,1.24,,,,,3.38,0.77,,0.72,0.69,0.59,0.77,,,,,0.71,0.71,2.61,0.59,0.69,0.55,0.53,0.45,0.59,0.62,,,0.74,0.74,2.73,0.62,0.72,0.58,0.55,0.48,0.62,0.65,,,,3.39,0.77,,0.72,0.69,0.59,0.77,,0.79,0.79,2.9,0.66,0.77,0.62,0.59,0.51,0.66,0.69,,3.7,,,0.79,0.75,0.65,,,3.68,,,0.78,0.75,0.64,,,0.23,0.27,0.21,0.2,0.17,0.23,0.24,,,,0.77,,,,0.76,0.66,,,,,,,,,,1.3,1.36,
1060,0.13,0.24,,0.17,,,,,,,,,,,1.94,24.57,,144.23,,35.28,3.83,3.39,4.96,132.14,4.5,2.98,,12.64,,74.18,,18.14,,,,67.96,2.31,,,0.05,,,,,0.14,,,0.18,0.12,,108.44,,26.53,,2.55,3.73,99.35,3.38,2.24,,,,,0.02,,,0.03,0.02,,,,,,,,,,,0.1,,,,,,,,,,,,,38.98,,,,,,,,0.03,0.02,,,,
1060,,,,,,,,0.2,0.21,0.3,,,,,,,0.46,0.33,0.4,,0.11,0.11,0.16,,0.44,,,,,0.24,,,0.08,0.08,0.11,,0.31,,,,0.51,,,0.16,0.17,0.25,,,,,,,,0.23,0.24,0.34,,,,,,1.94,0.32,0.33,0.48,2.05,,,,,0.26,0.27,0.4,,,,,0.16,0.17,0.25,,,,,,,6.52,4.17,,,,6.28,4.02,,,4.29,2.74,,,,,,,,
1061,,,0.27,,0.27,0.33,,0.14,0.14,0.13,0.23,0.16,,,,0.24,,0.24,0.29,,0.12,0.13,0.11,0.2,0.14,,,,,,,,0.27,0.28,0.26,,0.31,,,,,,2.26,0.5,0.53,0.48,,0.58,2.5,,0.47,,,0.24,0.25,0.22,0.39,0.28,,,,2.26,0.5,0.53,0.48,,0.58,2.5,,1.89,0.42,0.44,0.4,,0.49,,,0.22,0.23,0.21,0.37,0.26,,,,,1.66,,4.99,2.87,,1.58,,4.76,2.73,1.74,1.22,5.24,3.01,0.7,3.01,,4.29,2.46,
1071,0.48,0.56,0.19,,0.31,0.09,,0.12,0.45,7.43,0.22,0.31,0.19,0.14,,0.39,,0.65,0.2,2.18,0.25,,15.42,0.46,0.64,0.4,0.3,0.33,,0.56,0.17,1.89,0.21,,13.32,0.4,0.55,0.34,0.26,,1.68,0.51,5.66,0.64,2.4,40,,1.65,,0.78,,0.3,,0.38,,23.79,,,0.61,0.46,0.3,3.36,0.38,,23.76,,,0.61,0.46,11.12,1.25,4.72,78.54,2.35,3.25,2.03,1.52,0.11,0.42,7.07,0.21,0.29,0.18,0.14,3.77,62.72,1.88,2.59,1.62,1.22,16.66,0.5,0.69,0.43,0.32,0.03,0.04,0.03,0.02,,,0.65,0.62,0.47,0.75
1077,,,,,,,,0.02,,0.02,0.01,0.01,0.01,,,,,,,,0.26,,,0.19,0.16,0.19,,,,,,,0.18,,0.21,0.13,0.11,0.13,,,,,,,,,0.28,0.24,0.29,,,,,,,,,,,,,,0.13,,0.15,0.1,0.08,0.1,,,,,,0.28,0.24,0.29,,,,,,0.28,0.34,,,,,,,,,,,,,0.64,0.53,0.65,,,,,,,
1079,,,,,0.48,0.4,,0.25,0.21,0.31,0.4,0.2,0.17,,,,0.23,0.66,0.54,,0.34,0.28,0.42,0.54,0.28,0.23,0.14,,,,0.45,,0.28,0.23,0.35,0.45,0.23,0.19,,,,0.48,,0.29,0.25,0.37,0.47,0.24,0.2,,,,4.18,,,,,,,,,,0.51,0.43,0.64,,0.42,0.35,0.21,,,0.52,,,0.51,0.43,,0.35,0.3,,,0.29,0.24,0.14,,,,,,,,1.91,,,,,,,,0.51,0.43,,,,
1083,,,,,,0.64,,0.63,0.64,0.66,0.68,0.69,0.67,0.69,,,,,0.67,,0.66,0.66,0.69,0.71,0.72,0.7,0.72,,,,0.67,,0.66,0.67,0.69,0.71,0.72,0.7,0.72,,,0.76,,0.75,0.76,0.79,,,0.79,,,0.68,,0.67,0.68,0.71,0.72,0.73,0.71,0.74,0.8,,0.79,0.8,,,,,,,,,,,,,,,,,,,,,,,,,,,,,,,,,,,,,,,,,
1088,2.31,1.38,,,,,,,,0.26,1.42,,,,,,0.45,0.45,0.33,0.3,0.49,0.37,0.11,,0.52,0.46,0.42,,0.75,,0.56,0.51,,0.61,0.19,,,0.76,,,,0.62,0.57,,0.69,0.21,,,,,,0.74,0.67,,,0.25,1.36,,,,0.74,0.67,,,0.25,,,,,,1.47,,0.34,1.84,1.57,1.37,,1.62,,0.37,2.03,1.73,1.51,1.4,,0.23,,,,,0.31,1.67,1.42,1.24,,5.41,4.6,4.02,3.74,,0.74,,,,
1089,2.3,2.06,,,0.65,0.68,0.33,,,0.17,,,,,,,0.38,0.28,0.3,0.15,0.39,0.33,0.08,0.43,0.4,0.38,0.4,,0.42,0.31,0.33,0.16,0.43,0.36,0.08,0.48,0.44,0.42,0.45,,0.47,0.5,0.24,,0.55,0.13,,,0.64,0.68,,,0.38,,,0.2,,,,,,0.52,,,0.27,1.51,1.4,1.35,1.43,0.49,,,0.26,1.44,1.34,1.29,1.37,2.66,2.24,0.52,2.93,2.73,2.62,2.77,,0.2,,,,,0.23,,,,1.24,5.65,5.25,5.05,5.35,,,,,,
1090,,2.43,0.63,0.57,0.72,0.7,,,,,0.56,0.52,,2.02,2.48,,0.58,,,,,,,0.57,0.53,,2.06,0.26,0.24,0.3,0.29,0.3,0.44,0.45,0.49,0.23,0.21,0.44,,,,,,1.68,1.74,1.9,,,1.7,3.21,1.26,,,1.85,1.91,2.09,,,1.87,3.54,,,1.47,1.52,1.66,0.78,0.72,1.48,2.81,,1.51,1.56,1.7,,0.74,1.53,2.89,,,1.62,,0.71,1.45,2.75,,,0.53,0.49,,1.91,,0.51,0.48,,1.85,0.47,0.44,,,,1.91,3.61,2.05,3.88,1.89
1091,,0.71,,,,,2.78,1.83,2.86,,,1.64,,1.45,,,,,,3.21,2.12,3.3,,1.43,1.9,,1.67,1.62,1.46,1.39,1.49,3.93,2.59,4.04,1.28,1.75,2.32,,2.04,,,,2.43,1.6,2.5,0.79,,1.44,0.71,1.26,,,2.68,1.77,2.76,,,1.59,0.78,1.4,,2.82,1.86,2.9,,1.26,1.67,,1.47,2.63,1.73,2.71,,,1.56,0.77,1.37,,,0.33,,,0.29,0.52,1.56,0.49,,,0.44,,0.32,0.43,0.57,0.28,0.51,1.37,1.82,,1.6,,0.65,,0.49,,1.79
1107,,2.17,0.33,0.21,0.27,0.21,0.12,0.17,0.17,0.16,0.25,0.28,0.17,,,0.51,0.32,0.41,0.32,0.18,0.26,0.27,0.25,0.39,0.43,0.27,,0.15,0.1,0.12,0.1,0.05,0.08,0.08,0.07,0.12,0.13,0.08,,,,0.62,0.35,0.5,0.52,0.48,0.76,,0.52,,,,0.56,,,,,,,,,0.43,0.63,,0.6,,,0.65,,0.56,,,0.78,,,,,1.46,1.51,1.4,2.19,2.4,1.5,4.12,,,1.5,1.64,,,,1.45,1.59,,,1.56,1.71,,2.94,,0.69,,0.63,,2.74
1115,,,0.13,,0.11,0.07,0.1,0.14,0.13,0.18,,,0.51,,,0.22,,0.19,0.13,0.17,0.24,0.22,0.31,,,,3.34,0.06,,0.05,0.04,0.05,0.07,0.06,0.09,0.32,0.37,0.25,,2.46,,0.57,,,,,5.08,5.91,3.97,15.01,0.35,0.23,0.31,,0.4,,,,,6.1,0.66,,,,,5.95,6.91,4.64,17.56,1.35,1.9,1.74,2.46,8.94,10.4,6.98,26.42,,,1.82,6.6,7.68,5.16,19.5,,,,5.46,3.67,13.87,,5.14,5.98,4.01,15.18,3.63,4.22,2.84,10.73,,,2.95,,2.54,3.78
1120,,0.55,0.61,,,,,,,3.58,,,,5.12,,,,,,,,,,,,,6.51,,,1.51,,,3.01,3.19,6.49,2.51,2.23,,9.26,,,,,2.73,2.88,5.87,2.27,2.02,,8.38,,,,3.01,3.19,6.49,2.51,2.23,,9.26,,,,2.11,4.29,,,,6.13,,,,,,,,6.18,,,,,,,5.18,,,,,,,,,,,,0.39,0.34,,,,,3.69,,4.15,4.86
1130,,0.45,0.51,,0.67,0.65,,,,,,,7.96,,0.61,0.69,,,,1.89,1.48,,,,,10.67,2.51,,1.8,1.47,1.44,3.11,2.44,2.61,1.88,2.22,1.98,17.55,4.13,1.6,1.31,,2.76,2.16,2.32,,1.97,1.76,15.58,3.67,,,1.73,,,,,,9.76,2.3,,2.12,1.66,,,1.51,1.35,11.93,2.81,2.16,1.69,,,1.53,1.37,12.16,2.86,,,,,,5.63,,,,,,7.2,,,,,6.72,,,,9.33,2.2,,7.92,,8.86,2.09,0.24
1133,,,,2.58,,1.56,4.81,23.76,28.04,18.81,12.39,11.77,22.13,14.89,,,2.59,,1.56,4.82,23.8,28.09,18.84,12.41,11.79,22.16,14.92,1.36,2.96,1.46,1.78,5.51,27.23,32.14,21.56,14.2,13.49,25.36,17.07,2.18,,1.32,4.06,20.08,23.7,15.9,10.47,9.95,18.7,12.59,0.49,,,,,,,,8.56,5.76,,3.78,18.65,22.01,14.77,9.73,9.24,17.37,11.69,3.09,15.26,18.01,12.08,7.96,7.56,14.21,9.57,4.94,5.83,,,,4.6,3.1,,,,,,,,,,,,,,,,,,,,,
1138,,0.53,2.98,,,,,,1.5,,1.8,1.49,1.95,,,6.45,3.64,,,2.67,,3.24,,3.89,3.21,4.21,2.81,5.61,3.17,,2.21,2.33,,2.82,2.28,3.38,2.8,3.66,2.44,,0.21,0.39,0.41,0.34,0.5,0.41,0.6,0.5,,0.44,0.37,,,,,,,,,,,1.96,,2.38,,2.85,2.36,3.09,2.06,,,,,,,1.66,,,,,,,1.58,,,,,,1.93,,,,,,,1.48,,1.61,,,,,,,
1139,,,,,,,,,,,,,,,,3.83,,,,,,,,,,2.31,2.1,4.48,1.87,2,2.49,1.98,2.77,3.3,3.31,3.24,3.01,2.7,2.46,0.42,0.45,0.55,,0.62,,,,,,,,,,,,,,,,,,,,1.65,1.66,1.62,,,,,,,,,,,,,,,,,,,,,,,,,,,,,,,,,,,,,,,
1140,,,,,,,,,,,,,,3.18,,3.09,,,,,1.55,,,0.69,,,2.42,3.65,,,,,1.83,,1.46,,,,2.86,0.26,0.26,0.34,,0.5,0.37,0.4,0.22,0.24,0.32,,,,,,,,,,,3.01,,,,,,,,,3.03,,,,,,,,2.33,,,,,,,3.04,,,0.44,0.48,,,,0.59,,,,0.56,0.6,,,,,3.52,,3.26,2.47
1150,,1.96,,,,,2.65,2.77,4.91,6.28,5.2,9.4,12.81,9.26,,,,,,,,,,,,10.73,7.75,,0.34,0.49,,,,,3.21,,4.8,6.54,4.73,,,,,,3.73,4.78,3.96,7.16,9.75,7.04,,,3.94,4.12,7.29,9.33,7.74,13.98,19.05,13.77,,2.75,2.88,5.09,6.52,5.4,9.77,13.31,9.61,3.15,,,,,,15.22,10.99,,,,,,4.83,3.49,,,,3.39,4.62,3.34,,,,,,,,,,,,,,,
1160,,13.16,0.57,,0.55,,,,3.06,5.67,0.6,,,,11.37,0.5,,0.48,,,,,4.9,0.52,,,,0.04,0.06,0.04,0.06,0.13,0.11,0.23,,0.05,0.06,0.08,0.08,,,1.46,2.97,2.43,5.32,9.87,,,1.77,1.88,,,2.29,,4.09,7.59,,,,,1.52,3.09,2.53,5.53,10.26,,1.54,1.84,1.95,2.04,1.67,3.64,6.76,,,,,,,,0.35,0.5,0.6,,2.19,4.05,0.43,,,,1.85,0.2,0.28,0.33,0.35,0.11,0.15,0.18,0.19,,1.69,1.79,,,
1169,,0.33,0.41,0.39,0.42,0.33,,0.35,0.53,,0.17,0.24,0.3,0.27,0.39,0.49,0.46,0.5,0.38,1.68,0.42,0.63,,0.2,0.29,0.35,0.32,1.27,,1.29,,4.37,,1.62,1.78,0.52,0.75,,,,,0.79,3.45,,1.28,,0.41,0.59,0.73,,,,3.68,,1.37,1.5,0.44,0.63,0.77,0.7,0.77,3.38,,,,0.4,0.58,0.71,0.65,4.38,,1.63,1.78,0.52,0.75,,,0.25,0.37,0.41,0.12,0.17,0.21,0.19,1.5,,0.48,0.69,,,,0.32,0.46,0.57,0.51,0.29,0.42,0.52,0.47,1.44,1.77,1.61,1.22,,
1170,,0.04,0.04,0.09,0.05,0.05,0.05,,0.08,0.13,0.11,0.09,,,0.37,0.32,,0.4,0.39,0.43,,,,,,,,,,,,,9.66,,,,,3.01,,2.27,,,,11.17,,3.57,2.87,2.43,3.48,2.31,,0.54,0.58,4.91,,,,,,,,,8.88,,,,,2.76,,,9.07,1.65,2.9,2.33,1.97,2.82,,8.42,,2.69,2.16,,2.62,,0.18,,0.26,0.22,,,,,,,,,,,,,,,,,
1171,,0.05,,,0.06,0.1,,0.07,,0.05,0.13,0.11,0.15,,0.36,,,0.38,,,,,0.32,,,,,6.21,,,,,,,,,,2.93,3.49,,,0.32,,,,0.14,,0.34,,,,,,,,,,,,2.78,,,,,,,,2.76,3.29,,,,0.44,,,,,,,0.44,,,,,,,,,2.35,,,,,,,2.74,2.4,3.35,3.99,,,,,,
1175,,2.68,1.98,,,0.57,3.94,0.22,0.22,0.21,0.17,0.18,0.21,0.18,,,,,0.37,2.59,0.14,0.15,0.14,0.11,0.12,0.14,0.12,,,0.41,0.21,,0.08,0.08,0.08,0.06,0.07,0.08,0.07,,0.55,0.29,1.99,0.11,0.11,0.11,0.09,0.09,0.11,0.09,,0.43,2.99,0.16,0.17,0.16,0.13,0.13,0.16,0.14,0.52,3.63,0.2,0.21,0.19,0.16,0.16,0.2,0.17,6.92,0.38,0.39,0.37,0.3,0.31,0.38,0.32,0.05,0.06,0.05,0.04,0.05,0.05,0.05,,,0.79,,,,,0.77,0.79,,,,,,,,1.25,,1.2,,
1176,,2.18,0.51,0.48,0.48,0.36,3.21,0.32,0.32,,0.3,0.27,0.31,0.3,3.01,,0.67,0.67,0.5,4.44,0.45,0.44,,0.41,0.38,0.43,0.41,0.23,0.22,0.22,0.17,,0.15,0.15,0.44,0.14,0.13,0.14,0.14,,,0.71,6.33,0.64,0.63,1.91,0.58,0.54,0.62,0.59,,0.75,6.63,0.67,0.66,2,0.61,0.57,0.65,0.62,0.75,6.66,0.67,0.66,2.01,0.61,0.57,0.65,0.62,8.87,,,2.68,,0.76,,,0.1,0.1,0.3,0.09,0.09,0.1,0.09,,2.99,,,,,3.03,,,,,0.31,0.28,0.32,0.31,,,,,,
1177,,,1.58,1.85,1.72,3.88,24.09,2.2,2.28,3.55,1.43,12.44,,7.71,1.36,1.84,2.16,2,4.52,28.06,2.56,2.65,4.14,1.67,14.5,,8.98,,1.59,1.48,3.33,20.7,1.89,1.96,3.05,,10.7,,6.63,,,2.46,15.29,,1.45,2.25,,7.9,0.64,4.89,,2.09,13,,,1.92,,6.71,0.55,4.16,2.25,14,,,2.06,,7.24,0.59,4.48,6.21,0.57,0.59,,0.37,3.21,0.26,1.99,0.09,0.09,0.15,0.06,,0.04,0.32,,1.62,0.65,5.66,0.46,3.51,1.56,0.63,5.46,0.44,3.39,0.4,3.5,0.28,2.17,8.69,0.71,5.38,0.08,,7.63
1179,,0.01,0.04,0.02,,,0.02,,,,,0.07,,,0.23,,0.32,,,0.41,,,,,,,,2.78,,4.22,,1.79,55.24,12.71,10,9.98,5.49,7.98,11.74,0.51,,,,19.89,4.58,3.6,3.59,1.98,2.87,4.23,2.98,,,38.96,8.97,7.06,7.04,3.87,5.63,8.28,,,,,,,,,,,,,,,,5.18,7.63,30.79,7.09,5.58,5.56,3.06,4.45,6.54,,,,0.1,,,,,,,,,,,,,,,,,
1180,,3.4,3.14,,,0.41,2.56,,0.2,,0.37,,0.35,,,,,,0.31,,,0.15,,0.28,,0.26,0.27,,0.3,,0.12,,0.3,0.06,0.26,0.11,0.23,0.1,0.11,,,0.13,,0.32,0.06,0.28,0.12,0.25,0.11,0.11,,0.4,,,0.2,,0.36,,0.34,0.35,0.28,,,0.14,,0.25,,0.24,0.25,6.2,2.46,0.49,2.11,,1.91,,,0.4,0.08,0.34,0.14,0.31,0.14,0.14,0.2,,0.36,,0.35,,4.31,1.83,3.9,1.73,1.78,0.42,,0.4,,2.14,,,0.44,,
1183,,0.03,2.71,0.04,,,,,,,,,,,0.33,,,,,,,,,,,,,100.21,,27.72,,,58.09,19.34,34.65,26.8,21.79,15.46,19.69,0.01,,,,,,0.35,,0.22,,,18.87,,,39.55,13.17,23.59,18.24,14.84,10.52,13.41,0.06,0.07,,,,,,,,,,,,,,9.64,12.28,,,,,,8.19,10.43,,,,0.38,,,,,,,,,,,,,,,,,
1186,,0.49,,,,,,,,,,,0.51,0.57,,,,,,4.67,,,,,,,,1.55,1.41,1.79,1.53,5.94,,1.64,1.6,1.45,,,,,,,3.83,,,,,,0.67,,1.27,,4.21,,,,,,0.74,,,3.31,0.67,,,,0.64,0.58,0.65,3.88,0.78,,,,,0.68,,0.2,0.28,0.27,0.24,0.19,0.18,0.2,1.37,1.33,,,,,,,,0.63,,,,0.65,,,0.72,,,,
1186,,0.02,,,,,,,0.03,,0.03,,0.03,,0.33,,,,,,,,,,,,,63.2,,5.29,4.67,3.96,22.1,,4.13,,,,9.28,,,,,,0.02,,0.02,,0.03,,,,,,,,,,,3.94,,,,0.29,,0.28,,0.3,,,,,,,,,,,0.39,,0.37,,0.4,,0.07,,0.07,,0.07,,,,,,5.97,,,,,,,6.37,,4.7,5.82
1189,,3.26,2.52,2.91,3.16,3.46,19.93,2.37,2.05,4.83,2.13,57.28,1.54,17.3,3.35,2.59,2.99,3.25,3.55,20.5,2.44,2.11,4.96,2.19,58.91,1.58,17.8,,,,,6.11,,0.63,1.48,0.65,17.56,0.47,5.31,,,,7.91,,,1.92,,22.73,0.61,6.87,,,6.85,,0.71,1.66,0.73,19.69,0.53,5.95,,6.3,,0.65,,0.67,18.11,0.49,5.47,5.77,0.69,0.59,1.4,0.62,16.58,0.44,5.01,0.12,0.1,0.24,0.11,2.87,0.08,,,2.04,,24.18,0.65,7.31,2.35,,27.92,0.75,8.44,0.44,11.87,0.32,3.59,26.9,0.72,8.13,0.03,0.3,11.27
1210,,9,2.84,1.62,1.52,,8.81,,3.04,3.67,9.74,,,,7.76,2.44,,,,7.59,,2.62,3.16,8.4,,,,0.32,0.18,0.17,0.13,,0.13,0.34,0.41,,0.14,0.14,0.14,0.57,0.54,0.42,3.11,0.41,,,3.43,0.43,0.46,0.46,,0.73,5.44,0.71,1.88,2.27,6.02,0.76,,,0.78,5.79,0.76,2,2.41,6.41,,,,7.43,,2.56,3.09,8.22,,,,0.13,0.35,0.42,,0.14,0.15,0.15,2.63,3.17,8.42,,,,,3.21,0.4,0.42,0.43,2.66,0.34,0.35,0.35,0.13,0.13,0.13,,,
1212,1.71,1.92,1.87,2.05,2.17,2.4,10.44,2.36,2.63,2.01,2.26,2.01,2.33,2.52,,,,,,6.09,,,,,,,1.47,,,,,5.45,,1.37,,,,1.22,,,,1.28,5.57,1.26,1.4,,1.21,,1.25,,,,5.1,,1.28,,,,,,,4.8,,1.21,,,,,,4.35,,,,,,,,0.23,0.25,0.19,0.22,0.19,0.22,0.24,,,,,,,0.76,,0.76,,,,,,,,,,,,
1220,2.59,,3.54,2.45,2.66,3,2.24,4.89,4.65,9.15,6.39,4.37,5.58,7.09,0.62,,,,,,1.89,1.8,3.54,2.47,,2.15,2.74,2.19,1.52,1.65,1.86,1.39,3.03,2.88,5.67,3.96,2.71,3.46,4.4,0.69,0.75,,0.63,,,2.59,1.81,,1.58,2.01,,1.22,,2,1.9,3.74,2.61,1.78,2.28,2.9,,,1.84,1.75,3.44,2.4,1.64,2.09,2.66,,1.63,1.55,3.05,2.13,1.46,1.86,2.37,2.18,2.08,4.09,2.85,1.95,2.49,3.17,,1.87,,,,1.45,1.97,,,,1.53,,0.48,,,,,,,1.62,
1223,,1.98,,1.44,1.6,2.06,7.16,1.94,4.58,3.93,,,2.14,1.87,,,,,,5.47,,3.49,3,,,1.64,1.43,0.62,0.73,,,3.62,,2.31,1.98,0.6,,,,,1.3,1.67,5.82,1.57,3.72,3.19,,,1.74,1.52,,1.43,4.96,1.34,3.17,2.72,,,1.48,1.3,1.29,4.48,1.21,2.86,2.46,0.75,,1.34,,3.48,,2.22,1.91,0.58,0.65,,,0.27,,0.55,0.17,0.19,0.3,0.26,2.36,2.03,0.62,,,,,0.26,0.29,0.47,0.41,0.3,0.34,0.54,0.48,,1.79,1.57,1.6,1.4,
1231,,2.55,,1.54,1.73,1.59,4.38,1.82,2.87,2.26,1.6,1.63,1.57,1.51,2.16,,,1.46,,3.7,1.54,2.43,1.91,,,1.33,1.27,0.52,0.6,0.68,0.62,1.72,,,,0.62,0.64,0.62,0.59,,1.3,,3.28,1.37,2.16,1.69,,1.22,,,,,2.85,,1.87,1.47,,,,,,2.53,,1.66,1.31,,,,,2.75,,1.81,1.42,,,,,0.42,,0.52,0.36,0.37,0.36,0.34,1.58,,,,,,,0.56,0.57,0.55,0.52,0.71,0.72,0.7,0.67,,,,,,
1240,,,,,,,,,,,,0.59,0.52,0.66,1.82,1.84,1.57,1.54,,3.33,,,3.37,2.03,,0.7,,,,,,,0.51,0.5,1.85,,0.44,0.39,0.5,,,0.71,,0.51,0.5,1.83,,0.44,0.38,0.49,,,2.12,0.59,0.58,2.14,,0.51,0.45,0.57,,2.16,0.6,0.59,2.18,,0.53,0.46,0.58,2.54,0.71,0.7,2.57,,0.62,0.54,0.69,0.28,0.27,,,0.24,0.21,0.27,,3.62,2.18,,0.76,,3.68,2.22,,0.77,,,0.24,0.21,0.27,0.4,0.35,0.44,,,1.28
1241,,0.05,0.04,0.03,0.02,0.02,0.01,0.01,0.07,0.08,0.02,0.18,0.01,0.01,,,0.27,0.25,0.16,0.15,0.15,,,0.17,,0.15,0.12,,0.52,0.48,0.3,0.28,0.28,,,0.32,3.58,0.28,0.23,,0.63,0.39,0.37,0.38,,,0.42,4.72,0.37,0.3,,0.57,0.54,0.55,2.75,2.92,0.61,6.94,0.54,0.44,0.62,0.58,0.6,2.97,3.15,0.66,7.49,0.58,0.48,,,4.78,5.08,,12.08,,,,5.11,5.43,,12.91,,,4.98,5.29,,12.57,,,,0.22,2.53,0.2,0.16,0.21,2.38,0.18,0.15,11.3,,,0.08,0.06,
1242,2.3,3.59,1.98,1.68,2.19,1.81,2.36,2.51,1.58,1.47,,,,4.66,,,,,,,,,,0.44,0.47,0.53,,0.55,0.47,0.61,0.5,,,0.44,0.41,0.28,0.3,0.34,,,,,,,0.8,0.74,0.51,0.55,0.61,,1.31,,,,,,0.6,0.65,0.72,2.78,,,,0.72,0.67,0.46,0.5,0.55,,,,,,0.56,0.6,0.67,,,,,0.43,0.46,0.51,,,,0.4,0.44,0.48,,,0.64,0.69,,2.95,0.69,0.74,,3.17,,,4.62,,4.27,3.86
1247,1.69,1.87,2.25,2.11,2.02,2.06,19.3,3.01,3.14,6.17,2.99,3.1,3.46,3.07,,1.33,1.25,1.2,,11.45,1.78,1.86,3.66,1.77,1.84,2.06,1.82,,,,,10.32,1.61,1.68,3.3,1.6,1.65,1.85,1.64,,,,8.6,1.34,1.4,2.75,1.33,,1.54,1.37,,,9.15,,1.49,2.92,,,1.64,1.45,,9.54,1.49,1.55,3.05,1.48,1.53,1.71,1.52,9.37,1.46,1.52,2.99,1.45,1.5,1.68,1.49,0.16,0.16,0.32,0.15,0.16,0.18,0.16,,2.05,,,,,1.96,,,,,0.48,0.5,0.56,0.5,,,,,,
1263,,2.07,,,,0.61,1.4,0.55,,,0.58,0.52,0.64,0.62,2.46,,,,0.73,1.66,0.65,,,0.69,0.62,0.76,0.74,0.48,0.42,0.39,0.3,0.68,0.26,0.5,0.48,0.28,0.25,0.31,0.3,,,0.62,1.42,0.55,,,0.59,0.53,0.64,0.63,,0.7,1.6,0.63,,,0.67,0.6,0.73,0.71,0.76,1.74,0.68,,,0.72,0.65,0.79,0.77,2.29,,1.69,1.62,,,,,0.39,0.74,0.71,0.42,0.37,0.45,0.44,1.89,1.81,,,,,,0.56,0.5,0.62,0.6,0.59,0.53,0.64,0.63,,,,1.22,,
1287,,2.41,3.59,5.1,5.14,5.52,23.58,6.55,4.71,4.38,12.66,7.16,7.34,10.2,2.16,3.21,4.57,4.6,4.94,21.11,5.87,4.22,3.92,11.33,6.41,6.57,9.13,1.49,2.12,2.13,2.29,9.78,2.72,1.95,1.82,5.25,2.97,3.04,4.23,1.42,1.43,,6.57,1.83,,,3.53,2,2.05,2.84,,,4.62,,,,2.48,,1.44,2,,4.59,,,,2.46,,1.43,1.98,4.27,,,,2.29,,,1.85,0.28,0.2,0.19,0.54,0.3,0.31,0.43,0.72,0.67,1.93,,,1.56,,2.69,,1.56,2.17,2.89,1.64,1.68,2.33,,0.58,,,1.42,1.39
1294,1.51,5.22,2.08,1.63,1.74,1.27,1.57,,,4.87,,,,,3.45,,,,,,0.57,0.54,3.23,0.6,0.55,0.58,0.61,0.4,0.31,0.33,0.24,0.3,0.16,0.16,,0.17,0.16,0.17,0.18,,,0.61,,0.41,0.39,2.34,0.43,0.4,0.42,0.44,,,,0.53,0.5,2.99,0.55,0.51,0.54,0.56,0.73,,0.49,0.47,2.79,0.52,0.48,0.5,0.53,,0.68,0.65,3.85,0.71,0.66,0.69,0.72,0.54,0.52,3.1,0.57,0.53,0.56,0.58,,5.69,,,,,5.95,,,,,0.19,0.17,0.18,0.19,,,,,,
1298,1.33,2.81,3.44,3.14,5.18,4.62,6.86,6.63,5.1,56.76,8.73,6.98,4.63,8.01,2.11,2.58,2.36,3.89,3.47,5.15,4.98,3.83,42.6,6.55,5.24,3.48,6.01,1.22,,1.84,1.64,2.44,2.36,1.82,20.21,3.11,2.49,1.65,2.85,,1.51,1.34,1.99,1.93,1.48,16.5,2.54,2.03,,2.33,1.65,,2.18,2.11,1.62,18.07,2.78,2.22,1.47,2.55,,,,,10.96,1.69,,,1.55,1.49,1.44,,12.29,1.89,1.51,,1.74,,,8.28,,,0.68,,,8.56,,,,,11.14,1.71,,,1.57,0.15,0.12,0.08,0.14,,0.53,,,,1.73
1300,,1.61,,1.5,,,,,0.74,0.77,,,,,,,,,,,0.5,0.45,0.47,0.46,0.51,,,,,,0.63,,0.51,0.46,0.48,0.47,0.52,,,,,,,0.64,0.57,0.6,0.59,0.65,,,,,,0.55,0.49,0.51,0.51,0.56,,,,,0.6,0.53,0.56,0.55,0.61,,,,,0.73,,,,,,0.61,0.54,0.57,0.56,0.62,,,,,,,,,,,,1.92,1.58,,,1.84,1.51,,1.85,1.52,,,
1322,,1.81,4.99,,,,2.59,9.45,13.37,3.55,49.12,15.89,2.13,,,,,,,,,,,,,,,2.76,,0.37,0.32,,5.22,7.39,,27.14,8.78,,,,0.13,0.12,,,,,9.84,3.18,,,,,,,,,,,,,,3.89,14.18,20.06,5.33,73.7,23.84,3.19,2.93,4.48,16.32,23.09,6.14,84.85,27.45,3.67,3.37,,,,,,,,,,,,,,,,,,,,,,,,,,,,
1383,,,,,,,0.14,0.58,,,,0.43,0.09,0.15,,,,,,0.14,,,,,,0.09,0.14,,,,,0.08,0.33,,,,0.24,0.05,0.08,,,,0.09,0.38,,,,0.28,0.06,0.1,,,,,,,,,0.36,,,0.16,,,,,,0.1,0.16,,,,,,,0.21,,,,7.23,,,,,,,,,0.16,,,,,0.21,,,,0.09,0.15,,0.19,,0.22,,
1385,,1.28,1.62,1.66,1.88,2.02,2.09,2.53,4.59,3.68,2.87,11.42,2.55,2.68,,1.36,1.39,1.58,1.69,1.76,2.13,3.86,3.1,2.42,9.6,2.15,2.25,1.27,1.3,1.47,1.58,1.63,1.98,3.59,2.88,2.25,8.93,2,2.09,,,1.25,1.29,1.56,2.84,2.28,1.78,7.06,1.58,1.66,,,1.26,1.52,2.77,2.22,1.73,6.88,1.54,1.61,,,1.34,2.44,1.96,1.53,6.07,1.36,1.42,,,2.28,1.83,1.43,5.66,1.27,1.33,,2.2,1.76,1.38,5.47,1.22,1.28,1.82,1.46,,4.52,,,,0.63,2.48,0.56,0.58,0.78,3.1,0.69,0.73,3.97,,,0.22,0.23,
1385,2.77,7.78,4.57,2.87,3.99,2.32,3.34,2.97,2.06,1.49,3.51,2.12,,,2.81,,,,,,,,0.54,,,0.25,0.23,,,,0.3,,0.38,0.27,0.19,0.45,0.27,0.09,0.08,,,,,,,0.32,,,0.15,0.14,,,,,,,,,0.24,0.22,0.58,,,0.52,0.37,,0.53,0.17,0.16,,,,0.64,,,0.3,,,,0.45,,,0.21,0.19,0.69,0.5,,,0.23,0.21,,1.7,,,,2.36,,,,,0.2,0.18,,,
1386,,,0.44,0.23,0.26,0.16,0.42,0.2,0.23,0.35,0.21,0.2,0.18,0.19,,,0.5,0.55,0.35,,0.43,0.5,,0.44,0.43,0.38,0.42,0.6,0.32,0.35,0.22,,0.27,0.32,0.48,0.28,0.27,,0.26,,0.58,0.37,,0.46,0.53,,0.47,0.45,,,,,1.78,,,,,,,,0.63,1.61,,,,,,,,2.55,,,2.17,,,,,0.49,0.56,,0.5,0.48,0.43,0.47,,1.75,,,,,1.51,,,,,0.58,0.56,,,,,,,,
1391,,,,,0.47,0.3,,0.35,0.26,0.21,0.26,0.24,0.35,,,,,0.59,0.37,,0.44,0.33,0.26,0.32,0.3,0.44,0.36,,0.44,0.31,0.2,,0.23,0.17,0.14,0.17,0.16,0.23,,,,0.41,,0.49,0.37,0.29,0.36,0.33,,,0.71,0.45,,0.53,0.4,0.31,0.39,0.36,0.53,,0.63,,0.75,0.56,0.44,0.55,0.5,,,1.87,,,0.7,,0.8,,,,0.48,0.38,0.47,0.43,,,,0.59,,0.67,,,,,,,,,,1.68,,,,,,,
1397,,,,2.25,2.41,2.63,3.36,,4.36,2.2,2.59,4.31,10.15,2.38,,3.64,5.61,6,6.57,8.37,4.02,10.87,5.48,6.45,10.75,25.29,5.94,1.99,3.06,3.27,3.58,4.56,2.19,5.93,2.99,3.52,5.86,13.79,3.24,,,1.8,2.3,,2.98,1.5,,2.95,6.94,1.63,,,,,,,,,4.51,,,,,,,,,4.21,,,0.61,1.66,,,,3.85,,,,,,,3.02,,2.7,,,2.67,6.29,,0.5,,,2.33,,,,4.62,,,3.92,,,,0.23
1404,2.91,,,,,,5.93,3.38,6.89,4.5,3.91,5.15,,5.25,,0.28,,0.29,,,,,,,,,,,,,,4.51,2.57,5.23,3.42,2.97,3.91,,3.99,,,,7.2,4.1,8.36,5.46,4.74,6.25,,6.38,,,4.25,,,,,,,3.77,,7.07,4.02,8.21,5.36,4.66,6.13,,6.26,3.59,,,,,,,3.18,,,,,,0.24,,,,,,,,,,,,,,,,,,,,,,3.67
1459,0.66,0.6,0.11,0.19,0.21,0.57,,0.71,0.77,0.34,0.12,0.65,0.61,0.55,,0.17,0.28,0.32,,,,,0.52,0.18,,,,0.18,0.31,0.35,,,,,0.57,0.2,,,,1.7,1.95,5.19,6.18,6.52,7.06,3.14,,5.99,5.56,5.02,,3.05,3.63,3.83,4.15,1.84,0.65,3.52,3.27,2.95,2.67,3.17,3.35,3.63,1.61,0.57,3.08,2.86,2.58,,1.26,1.36,0.6,0.21,,,,,,0.51,0.18,,,,,0.48,0.17,,,,0.44,0.16,,,,0.35,1.91,1.77,1.6,5.41,5.02,4.53,,,
1468,,,3.72,4.53,4.69,,2.02,,,4.24,2.67,0.78,,,0.7,3.06,3.73,3.86,0.69,1.66,,,3.49,2.2,0.64,0.71,0.66,4.38,5.35,5.53,,2.38,,,5,3.15,,,,,1.26,0.23,,0.26,0.27,,0.72,0.21,0.23,0.22,,0.19,0.44,0.21,0.22,,0.59,0.17,0.19,0.18,0.18,0.43,0.21,0.21,,0.57,0.17,0.18,0.17,2.39,,,5.03,3.17,,,,0.48,0.5,,,0.39,0.43,0.4,,4.41,2.78,,,,4.24,2.67,0.78,,,0.63,0.18,0.2,0.19,0.29,0.32,0.3,,,
1472,,,0.17,0.2,0.23,0.38,0.37,0.32,0.22,,0.22,0.33,0.31,0.32,,0.22,0.27,0.31,0.51,0.49,0.43,0.3,,0.3,0.44,0.42,0.44,0.26,0.3,0.36,0.58,0.56,0.49,0.34,,0.34,0.5,0.48,,,1.39,2.28,2.2,1.91,1.31,5.53,1.32,1.97,1.87,1.94,,1.92,1.85,1.61,,4.65,,1.66,1.57,1.63,1.64,1.58,1.37,,3.97,,1.42,1.34,1.39,,,0.57,2.42,0.58,,,,,0.6,2.52,0.6,,,,0.69,2.89,0.69,,,,4.21,,1.51,1.42,,0.24,0.36,0.34,0.35,1.5,1.42,,,,
1489,1.56,4.7,1.77,2.11,2.23,2.21,6.7,2.3,1.68,,2.45,2.07,2.68,2.75,3.01,,1.35,1.43,1.41,4.28,1.47,,0.75,1.57,1.32,1.72,1.76,0.38,0.45,0.47,0.47,,0.49,0.36,0.25,0.52,0.44,0.57,0.59,,1.26,1.25,3.79,1.3,,0.66,1.39,,1.52,1.56,,,3.17,,0.8,0.56,,,1.27,1.3,,3,,0.75,0.53,,,1.2,1.23,3.03,,0.76,0.53,,,1.22,,0.34,0.25,0.18,0.37,0.31,0.4,0.41,0.73,0.51,,,,,0.7,1.46,1.23,1.6,1.64,2.09,1.76,2.29,2.35,,,,1.3,1.33,
1494,,0.2,0.18,0.16,0.2,0.28,0.21,0.45,0.77,,0.19,0.49,0.52,0.38,0.14,0.13,0.12,0.14,0.2,0.15,0.32,0.56,0.6,0.14,0.35,0.37,0.27,,,,1.41,,2.28,3.93,4.26,,2.49,2.61,1.91,,,1.55,,2.5,4.32,4.68,,2.74,2.87,2.1,1.22,1.72,1.28,2.76,4.77,5.17,,3.02,3.17,2.32,1.4,,2.26,3.9,4.22,,2.47,2.59,1.9,0.75,1.61,2.78,3.01,0.69,1.76,1.85,1.35,2.16,3.73,4.04,,2.36,2.48,1.82,1.73,1.87,0.43,,,,,0.25,,,0.49,0.23,0.58,,0.45,2.56,2.69,1.97,,0.77,0.73
1496,,,,,,,0.06,2.8,2.8,,,0.51,,,,,,,,0.06,,,,,,,,,,,,0.05,,,,,,,,,,,0.06,3.05,3.04,,,0.56,,,,,0.07,,,,,,,,,0.05,,2.4,,,0.44,,,0.06,3.11,3.1,1.45,,0.57,,,49.38,49.25,23.04,10.28,9.03,16.12,15.28,,,,0.18,0.33,,0.47,,0.18,0.33,,,0.39,,,,,,1.79,,
1501,1.49,2.52,,0.5,0.49,0.62,,,0.76,,0.61,,,,1.69,,0.34,0.33,0.42,0.35,0.68,0.51,0.64,0.41,0.68,0.53,0.64,0.43,0.2,0.19,0.25,0.21,0.4,0.3,0.38,0.24,0.41,0.31,0.38,0.47,0.46,0.58,,,0.71,,0.57,,,,,,,2,1.5,1.9,,2.03,1.57,1.89,1.27,,2.05,1.54,1.95,1.24,2.08,1.62,1.94,,1.62,1.22,1.54,,1.64,,1.53,,,,,,,1.81,0.75,,0.6,,,,1.26,,1.35,,,0.64,,,,1.68,,1.57,,,
1510,,0.66,0.44,0.34,0.42,0.58,0.38,0.44,0.56,2.88,0.7,,,,0.6,0.4,0.31,0.38,0.53,0.34,0.39,0.51,2.6,0.63,0.47,0.56,0.43,0.67,0.51,0.63,,0.57,0.66,,4.34,,,,,0.76,,,,,1.27,6.5,1.57,,,,1.24,1.72,,1.29,1.66,8.52,2.06,1.55,1.84,1.42,1.38,,,1.34,6.86,1.66,,1.48,,0.65,,,4.96,,,,,,1.49,7.65,1.85,,1.65,,1.29,6.61,1.6,,,,5.13,,,,,0.24,0.18,0.22,0.17,,,,,,
1530,,0.66,1.4,,1.28,,12.76,0.79,0.72,0.69,,0.69,0.77,,0.75,1.59,1.27,1.46,,14.48,,,0.78,,0.78,,,2.12,1.69,1.94,1.21,19.29,,,,1.6,,,1.49,,,0.57,9.11,0.57,0.52,0.49,0.75,0.49,0.55,0.7,,0.72,11.41,0.71,0.65,0.62,,0.62,0.69,,0.62,9.94,0.62,0.56,0.54,,0.54,0.6,0.77,15.9,,,,1.32,,,1.23,0.06,0.06,0.05,0.08,0.05,0.06,0.08,,,1.33,,,1.25,,1.46,,,1.37,1.53,,,1.43,0.65,0.73,,,1.43,1.29
1544,,0.26,0.43,0.33,0.35,0.75,8.6,0.61,0.59,0.66,0.35,0.65,0.49,0.4,0.23,0.38,0.28,0.31,0.66,7.49,0.53,0.52,0.57,0.3,0.56,0.43,0.35,,,,2.91,33.25,2.37,2.29,2.54,,2.51,1.91,1.55,,,1.74,19.92,1.42,1.37,1.52,,1.5,,,,2.3,26.32,1.88,,2.01,,1.98,1.51,,2.13,24.33,1.73,1.68,1.86,,1.83,1.4,,11.42,,0.79,,0.46,,,0.53,0.07,0.07,0.08,0.04,0.08,0.06,0.05,,,0.57,,,,,0.58,,,,0.53,,,0.61,1.87,1.42,,,0.62,
1548,0.56,,0.34,0.33,0.38,0.5,1.82,0.48,0.41,0.59,0.49,0.4,0.52,0.38,2.27,0.61,0.59,0.68,,3.24,,0.73,,,0.7,,0.68,0.27,0.26,0.3,0.39,1.43,0.37,0.32,0.46,0.39,0.31,0.41,0.3,,,1.46,5.32,1.39,1.2,1.73,1.44,,1.52,,,1.51,5.47,1.43,,1.78,1.49,,1.56,,1.31,4.77,1.25,,1.55,1.29,,1.36,,3.64,,,,,0.79,,0.76,0.26,0.23,0.33,0.27,0.22,0.28,0.21,,1.24,,,,,1.44,1.2,,1.26,,,0.67,,0.64,,,0.77,1.31,,0.74
1550,,,0.22,0.21,0.23,0.22,0.28,0.31,0.2,0.47,0.16,0.21,0.26,0.34,,0.35,0.35,0.37,0.35,0.45,0.5,0.32,,0.26,0.34,0.42,0.55,0.27,0.26,0.28,0.27,0.35,0.38,0.24,0.58,0.2,0.26,0.32,0.42,,,,,1.43,,2.19,0.76,,1.21,1.56,,,,,,2.21,,,,1.58,,,1.36,,2.08,0.72,,,1.48,,1.43,,2.2,0.76,,1.22,1.57,,0.69,1.68,0.58,,,,0.63,1.53,0.53,,,,2.43,,,1.34,1.73,0.34,0.44,0.55,,,1.61,2.07,,1.62,1.29
1556,,0.34,,0.5,0.55,0.48,,0.44,0.41,0.2,,0.48,0.46,0.61,0.29,0.62,0.43,0.47,0.41,,0.37,0.35,0.17,0.49,0.41,0.39,0.52,2.13,1.47,1.62,1.42,2.92,1.28,1.21,0.58,1.7,1.4,1.34,1.8,0.69,0.76,0.67,1.37,0.6,0.57,0.27,0.8,0.66,0.63,,,,1.98,,,0.39,,,,1.22,,1.81,0.79,0.75,0.36,,,,,2.06,,,0.41,,,,1.27,0.44,0.42,0.2,0.58,0.48,0.46,0.62,,0.45,1.32,,,1.4,0.48,1.4,,,1.48,2.93,2.42,2.3,3.1,,0.79,,,1.28,1.35
1559,,0.51,,,,0.36,0.5,0.4,0.53,0.31,0.2,0.37,0.38,0.39,,,,,0.53,0.73,0.59,,0.45,0.29,0.54,0.56,0.57,,,,,,,,0.6,0.38,,0.75,0.76,,,0.49,0.67,0.54,0.71,0.41,0.26,0.49,0.51,0.52,,0.48,0.66,0.53,0.7,0.41,0.26,0.49,0.51,0.52,0.48,0.67,0.53,,0.41,0.26,0.49,0.51,0.52,1.38,,1.46,,0.55,,,,,,0.61,0.4,0.74,0.77,0.78,1.32,0.76,0.49,,,,0.58,0.37,0.7,0.73,0.74,0.65,,1.25,1.28,1.87,1.94,1.98,,,
1569,,2.99,1.46,1.95,2.05,2.01,2.37,2.46,2.23,16.95,2.6,2.34,2.55,2.47,2.54,1.24,1.65,1.74,1.7,2.01,2.08,1.9,14.37,2.21,1.99,2.17,2.09,0.49,0.65,0.68,0.67,0.79,,0.75,5.66,,0.78,,,1.33,1.4,1.38,1.63,1.68,1.53,11.61,1.78,1.6,1.75,1.69,,,1.22,,,8.7,1.34,,1.31,1.27,,,1.2,,8.28,1.27,,1.25,1.2,,1.22,,8.44,1.3,,1.27,1.23,,,7.14,,,,,,6.9,,,,,7.58,,,,,0.15,0.14,0.15,0.15,,,,,,
1579,,0.6,,,,,2.03,0.46,0.34,0.66,0.46,0.33,0.44,0.48,,,,,,2.43,0.55,0.4,,0.56,0.39,0.53,0.58,1.64,,1.29,,3.39,0.77,0.56,,,0.55,0.73,,,0.79,0.72,2.07,0.47,0.34,0.67,0.47,0.34,0.45,0.49,,,3.64,,0.61,,,0.59,,,,2.62,0.6,0.44,,0.6,0.43,0.57,0.62,2.89,0.66,0.48,,0.66,0.47,0.63,,0.23,0.17,0.32,0.23,0.16,0.22,0.24,0.73,1.42,,0.71,,,1.95,1.37,,1.3,1.43,,0.5,0.67,,,,,1.33,1.46,
1583,,0.62,1.34,,1.58,,2.3,,0.77,0.7,,,,,0.51,,,1.32,,1.92,,0.65,0.59,0.74,0.67,0.77,,2.17,2.47,2.57,1.9,3.72,2.05,1.25,,1.43,1.3,1.49,1.56,,,,1.72,,0.58,0.53,0.66,0.6,0.69,,,,,,0.51,0.46,0.58,0.52,0.6,0.63,0.74,1.45,0.8,0.49,0.44,0.56,0.51,0.58,0.61,1.96,,0.66,0.6,0.76,0.68,0.79,,0.55,0.34,0.31,0.38,0.35,0.4,0.42,0.61,0.56,0.7,0.63,0.73,,,,,,,1.26,,1.31,,,,,,,
1588,,8.58,1.49,1.32,1.31,,0.6,0.69,0.68,,0.61,0.6,0.74,0.64,9.22,1.61,1.41,1.41,,0.64,0.74,0.73,,0.66,0.65,0.79,0.69,0.17,0.15,0.15,0.11,0.07,0.08,0.08,0.13,0.07,0.07,0.09,0.08,,,0.64,0.4,0.46,0.46,0.75,0.41,0.4,0.49,0.43,,0.73,0.46,0.53,0.52,,0.47,0.46,0.56,0.49,0.73,0.46,0.53,0.52,,0.47,0.46,0.56,0.49,0.62,0.72,0.71,,0.64,0.63,0.77,0.67,,,1.86,,,,,,1.61,,,,,1.63,,,,,0.55,0.54,0.66,0.58,,,,1.22,,
1590,0.6,2.56,0.21,,0.41,0.36,3,,3.18,,1.95,0.39,0.43,0.63,4.24,0.34,0.53,0.68,0.6,4.97,1.55,5.27,2.72,3.22,0.65,0.71,,0.08,0.12,0.16,0.14,,0.37,,0.64,,0.15,0.17,0.25,,1.98,1.74,14.55,4.54,15.41,7.95,9.43,1.9,2.07,3.05,,,9.39,,9.95,5.13,6.09,,,1.97,,7.36,2.3,7.79,4.02,4.77,,,1.54,8.35,2.6,8.84,4.56,5.41,,,1.75,0.31,,0.55,,0.13,0.14,0.21,3.39,1.75,2.08,0.42,0.46,0.67,0.52,,0.12,0.13,0.2,,0.24,0.26,0.38,0.2,0.22,0.32,,1.61,1.47
1601,,0.37,1.4,1.49,1.51,,0.73,,,0.48,1.92,,,2.24,0.42,1.6,1.71,1.72,,,,,0.55,2.2,1.43,1.34,2.55,3.8,4.05,4.09,2.71,1.98,3.1,2.95,1.29,5.21,3.4,3.18,6.06,,,0.71,0.52,,0.78,0.34,1.37,,,1.59,,0.67,0.49,0.77,0.73,0.32,1.29,,0.78,1.5,0.66,0.48,0.76,0.72,0.32,1.27,,0.78,1.48,0.73,,,0.48,1.92,,,2.24,1.56,1.49,0.65,2.63,1.72,1.6,3.06,,0.42,1.68,,,1.96,0.44,1.77,,,2.05,4.03,2.63,2.46,4.68,,0.61,,,1.78,1.91
1606,,,,,2.54,1.9,0.4,,,0.31,,,2.32,4.49,,,,3.04,2.27,0.48,2.07,1.88,0.38,1.88,,2.78,5.38,,,4.84,3.62,,3.29,2.99,0.6,2.99,2.78,4.41,8.56,,,,0.34,,,0.27,,,1.98,3.83,,,0.31,,,0.24,,,,3.48,,0.16,,,0.12,,,,,0.21,,,0.17,,,,2.37,4.35,3.95,,3.95,3.66,5.83,11.3,,0.18,,,,2.6,0.2,,,1.48,2.86,5.01,4.65,7.39,14.33,,1.47,2.86,1.59,3.08,1.94
1607,,2.15,4.01,4.74,12.86,3.09,2.88,5.25,2.19,3.05,2.68,2.39,3.95,20.16,2.05,3.81,4.5,12.21,2.94,2.74,4.98,2.08,2.89,2.55,2.27,3.75,19.15,,,5.97,,,,,,,,,9.36,,,,,,,,,,,5.02,,,,,,,,,,4.26,0.24,0.22,,0.17,0.24,0.21,0.19,0.31,,,,,,,,,6.52,,,,,,,7,0.42,,,0.45,,3.84,,,,1.8,9.21,,,,6.62,,,7.52,1.66,8.45,5.1
1614,1.81,,0.28,0.3,0.34,,,,,3.02,0.28,,,,,0.15,0.17,0.19,,0.67,,0.51,,0.15,,0.62,,0.23,0.25,0.28,,,,,2.5,0.23,,,,,,5.83,4.41,5.55,3.35,10.97,,5.64,4.05,5.78,,5.32,4.03,5.07,3.06,10.03,,5.16,3.7,5.28,4.76,3.6,4.53,2.74,8.97,,4.61,3.31,4.72,,,0.57,1.88,0.17,,,,,,2.49,0.23,,,,,,0.18,,,,3.28,0.3,,,1.73,0.09,,0.37,,5.56,3.99,5.69,,,
1615,3.5,,0.25,0.25,0.26,,3.03,,,,4,,,,,0.07,0.07,0.08,0.26,,0.28,0.36,0.25,,0.55,0.28,0.29,0.12,0.12,0.13,,,0.48,,0.43,,,0.47,,,,3.64,11.93,3.88,4.98,3.47,15.73,7.63,3.8,4.01,,3.72,12.18,3.96,5.08,3.54,16.06,7.79,3.88,4.1,3.51,11.49,3.73,4.79,3.34,15.15,7.35,3.66,3.86,3.27,,,,4.32,2.09,,,0.33,0.42,0.29,,,0.32,0.34,,,4.06,1.97,,,,,,,,4.54,2.2,,,0.49,0.24,,0.5,,
1617,,7.26,13.54,10.38,7.48,,6.66,,,22.82,5.28,0.79,,1.55,8.3,15.48,11.86,8.55,,7.61,,,26.08,6.04,,,1.77,1.86,1.43,,0.13,,0.13,0.13,3.14,0.73,0.11,0.12,0.21,,,0.07,,0.07,0.07,,0.39,0.06,0.07,0.11,,0.09,,0.09,0.09,2.2,0.51,0.08,0.09,0.15,0.12,,0.12,0.13,,,0.11,0.12,0.21,7.16,,,24.55,5.68,,,1.67,0.14,0.14,3.43,,0.12,0.14,0.23,,24.64,5.71,,,1.67,23.75,5.5,,,1.61,0.23,0.03,0.04,0.07,0.15,0.17,0.29,,1.95,1.72
1619,,4.05,,,1.25,1.25,5.1,1.61,1.45,11.24,0.77,1.54,1.49,,4.72,1.23,1.28,1.46,1.46,5.94,1.88,1.69,13.1,,1.79,1.73,,0.26,0.27,0.31,0.31,,0.4,0.36,2.78,0.19,0.38,0.37,0.25,,,,4.83,1.53,1.37,10.65,0.73,1.45,1.41,,,,4.63,1.46,1.32,10.2,0.7,1.39,1.35,,,4.07,1.29,,8.97,0.61,1.23,,,4.08,1.29,,8.99,0.62,1.23,,,0.32,0.28,2.2,0.15,0.3,0.29,0.2,,6.97,0.48,,,0.63,7.75,0.53,,,0.7,0.07,0.14,0.13,0.09,2,1.93,1.33,,0.67,0.69
1631,,,0.11,0.1,0.12,2.48,,,18.79,,0.58,33.03,6.7,1.39,,0.1,0.09,0.11,,,,16.87,,0.52,29.65,6.01,,0.13,0.12,0.14,2.96,,2.1,22.45,2.4,0.69,39.46,8,1.66,,,23.39,9.41,16.58,177.3,18.98,5.44,311.66,63.18,13.12,,24.79,9.98,17.57,187.85,20.11,5.76,330.21,66.94,13.9,20.85,8.39,14.78,158,16.91,4.85,277.74,56.31,11.69,,,,,0.23,13.32,,0.56,,18.83,,,33.1,6.71,,10.69,,0.33,18.79,3.81,,,0.03,,,0.07,0.29,,,,57.31,11.62,2.41,,0.04,0.21
1632,,0.61,0.25,0.24,0.27,,0.45,1.8,,,1.6,2.04,1.42,,0.57,0.23,0.22,0.25,,0.42,1.67,,,,1.89,,,0.41,0.39,0.44,,0.73,2.94,1.99,2.11,2.61,3.33,2.31,1.63,,,3.8,1.81,7.27,4.91,5.21,6.43,8.21,5.7,4.02,,3.92,1.86,7.5,5.07,5.38,6.64,8.48,5.89,4.15,3.48,1.66,6.66,4.5,4.78,5.89,7.53,5.23,3.69,0.48,1.91,,,,2.16,1.5,,4.02,2.72,2.89,3.56,4.55,3.16,2.23,0.68,,,,,0.55,,1.31,1.67,,,,,,,,,,,0.49,
1633,1.23,4.34,1.97,1.5,1.44,0.64,5.48,0.8,0.47,2.21,16.16,0.68,0.66,,3.52,1.59,,,0.52,4.44,0.65,0.38,1.79,13.09,0.55,0.53,,,0.34,0.33,0.15,,0.18,0.11,0.51,3.72,0.16,0.15,0.23,,,0.32,2.79,0.41,0.24,,,0.34,0.33,0.52,,0.43,3.67,0.53,0.31,,10.81,0.45,0.44,0.68,0.44,3.82,0.56,0.33,1.54,11.25,0.47,0.46,0.71,8.6,1.26,0.74,3.46,25.36,,,1.59,0.15,0.09,0.4,2.95,0.12,0.12,0.19,0.59,2.76,20.2,,,1.27,4.7,34.44,1.44,1.4,2.17,7.32,0.31,0.3,0.46,0.04,0.04,0.06,,1.5,1.55
1640,1.55,4.28,0.44,0.46,0.58,1.34,12.91,2.04,1.84,2.29,,2.47,2.35,,2.75,0.29,0.3,0.37,,8.31,,,1.47,,1.59,1.52,,0.1,0.11,0.13,0.31,3.02,0.48,0.43,0.54,0.32,,0.55,0.29,,1.3,3.02,29.14,4.59,4.14,5.17,3.05,5.58,5.31,2.79,1.25,2.9,27.92,4.4,3.97,4.95,2.93,5.35,5.09,2.68,2.32,22.39,3.53,3.18,3.97,2.35,4.29,4.08,2.15,9.64,1.52,,1.71,,1.85,1.76,,0.16,0.14,0.18,0.1,0.19,0.18,0.1,,,,,,0.61,1.25,,,1.28,,0.59,,,0.54,1.83,1.74,,,0.5,0.53
1649,,1.55,3.57,3.09,2.85,1.71,10.16,1.46,,13.14,10.15,1.52,1.48,2.13,,3.05,2.64,2.44,1.46,8.68,,,11.23,8.67,,,1.82,2.3,2,1.84,,6.56,,,8.48,6.55,,,,,,0.48,2.85,0.41,0.33,3.68,2.84,0.42,0.41,,,0.55,3.29,0.47,0.38,4.25,3.28,0.49,0.48,,,3.56,0.51,0.42,4.61,,0.53,0.52,,5.93,,,7.66,5.92,,,,0.14,0.12,,,0.15,0.15,0.21,,8.98,6.93,,,,11.07,8.55,,,1.79,,0.12,0.11,0.16,0.15,0.15,0.21,,,1.44
1655,1.48,6.4,,,1.42,1.48,4.52,3.85,2.31,36.43,,4.26,3.82,4.45,4.33,,,,,3.06,2.61,,24.68,,2.89,2.59,3.02,,0.19,0.22,0.23,,0.6,0.36,5.69,,,0.6,,,,,3.86,,,,,,3.26,3.81,,,3.8,3.24,1.94,30.62,,3.58,3.21,3.74,,3.19,2.72,1.63,25.73,,3.01,2.7,3.15,3.05,2.6,1.56,24.58,,2.88,2.58,3.01,,0.51,8.07,0.4,,,,0.6,9.46,,,,,15.78,,1.85,1.65,1.93,,0.12,0.1,0.12,,,2.48,,,
1668,,,0.17,0.13,0.18,0.27,,,,,,0.46,0.41,,,,,,,,,,,,,,,,,,,,,,,,,,,,,,,,,,,,2.43,,,,,,,,,,3.27,,,,,,,,,2.27,,,1.89,,,,1.72,1.52,,,,,,,,,,,,,,,,,,,,,,,,,,,,,
1673,,0.65,0.34,0.38,0.33,,5.89,2.72,1.72,1.91,7.84,,1.84,6.05,0.62,0.33,0.37,0.31,,5.69,2.63,1.66,1.85,7.58,1.85,1.78,5.85,0.52,0.59,0.5,,9.12,4.21,2.66,2.96,12.13,2.96,2.85,9.37,,,2.88,17.39,8.02,5.08,5.65,23.14,5.65,5.43,17.87,,2.54,15.36,7.08,4.48,4.99,20.43,4.99,4.8,15.78,3,18.09,8.34,5.28,5.88,24.07,5.88,5.65,18.59,6.04,2.78,,1.96,8.03,,1.89,6.2,,0.29,0.32,,,0.31,,0.63,,2.88,,,2.23,,4.56,,,3.52,4.1,,,3.16,,0.23,,,3.16,3.29
1686,,,0.32,0.38,0.4,2.16,2.1,4.24,7.31,2.53,4.51,46.68,7.85,5.14,1.55,0.36,0.44,0.46,2.47,2.4,4.85,8.36,2.89,5.15,53.35,8.97,5.88,0.23,0.28,0.3,,,3.12,5.38,,3.31,34.31,5.77,3.78,,,6.84,6.65,13.44,23.17,8.02,14.29,147.86,24.86,16.28,,5.62,5.46,11.03,19.02,6.58,11.73,121.4,20.41,13.37,5.34,5.19,10.49,18.08,6.26,11.15,115.43,19.41,12.71,,,3.39,,2.09,21.61,3.63,2.38,,3.48,,,22.24,3.74,2.45,,,,,,,0.35,,,,,,18.44,3.1,,10.35,1.74,,0.17,,
1691,,,0.6,0.61,0.67,2.92,,,,,1.63,1.7,1.52,,,0.35,0.36,0.39,,,,,,,,,,0.6,0.61,0.67,2.92,,,,,1.63,,1.52,,,,4.9,,3.11,1.84,1.8,2.74,2.84,2.55,,,4.78,,3.04,1.8,1.75,2.67,2.78,2.49,1.75,4.38,,2.78,1.65,1.61,2.45,2.54,2.28,1.6,,,,0.37,,,0.52,,,,,,,,,,,,,,,,,,,,,,,,,,,,,
1730,,,,0.27,0.36,,0.22,,,,,,,,,0.56,0.24,0.32,,0.2,,,0.39,,,,,,0.34,0.46,,0.28,,,,,,2.02,,0.43,0.57,1.93,0.35,,2.36,,,2.59,2.51,,1.32,4.51,,3.74,5.5,1.61,2.52,6.02,5.86,3.5,3.4,,2.83,4.15,,1.9,4.55,4.42,2.64,0.18,,,0.36,,,,,4.53,6.66,,3.05,7.3,7.1,4.24,,0.43,,,,,0.29,,,,,,3.75,3.64,2.17,,,,,,
1732,,,,,,0.71,,,,,,,1.74,,,,,,,,,,,,,2.28,,,,,,,,1.41,1.35,,1.5,2.35,,,,0.78,,,,,,,1.91,,,,,,1.44,1.37,,1.52,2.38,,,,,1.37,1.31,,1.45,2.28,,,1.27,1.47,1.41,1.21,1.56,2.44,,,,,,,,,,,,,1.92,,,,,1.66,,,,1.73,,1.29,2.02,,,,
1760,,0.41,0.5,0.42,0.36,,,,,,,,,,0.48,0.59,0.49,0.42,0.63,,,,0.49,0.55,,1.74,,,,,,,,2.28,,,2.32,3.59,2.25,,,,,,1.88,,,,2.97,1.87,,,,,2.25,,,2.29,3.54,2.23,,1.76,1.8,2.61,,,2.66,4.11,2.59,,,1.75,,,,2.76,1.73,,,,,,,,1.45,,,,2.28,,,,,1.58,,,,3.52,2.21,,3.17,1.99,,,0.63
1765,,3.3,0.48,,0.28,3.74,,,3.53,5.35,0.16,0.15,2.49,1.88,,,,,,,,,,,,,,0.15,0.1,0.09,,0.38,,,,0.05,0.04,,,,0.59,7.77,2.6,,7.32,11.1,0.33,0.3,5.17,3.9,,11.33,3.79,4.3,10.68,16.18,0.49,0.44,7.53,5.68,13.23,4.42,5.03,12.47,18.89,0.57,0.52,8.79,6.63,0.33,,,,0.04,0.04,,0.5,,2.82,4.27,0.13,0.12,1.99,1.5,,,0.11,0.1,,,,0.05,0.04,,0.53,0.03,0.03,,0.35,,15.46,11.66,17.06,12.87,
1766,0.3,0.26,0.25,,0.08,0.08,0.03,0.02,0.03,0.02,0.02,0.04,0.03,0.02,,,,0.26,0.26,0.1,0.07,0.09,0.08,0.08,0.13,0.11,0.07,,,0.29,0.29,0.11,0.08,0.1,0.09,0.09,0.15,0.13,0.08,,0.31,0.3,0.12,0.09,0.11,0.09,0.1,0.15,0.14,0.08,0.43,,0.16,0.12,0.15,0.13,0.13,0.21,0.19,0.12,,0.38,0.28,0.34,0.3,0.31,0.5,0.44,0.27,0.38,0.28,0.34,0.31,0.31,0.51,0.44,0.27,,,,,,,0.72,,,,1.79,1.57,,,,1.47,,,,,,,1.63,1.43,,,0.54,0.62
1771,,,0.23,0.12,,0.09,0.14,0.24,0.09,0.1,0.1,0.05,0.06,0.15,,0.48,0.24,0.35,0.19,0.28,,0.19,0.21,0.21,0.1,0.12,0.31,0.19,0.09,0.14,0.07,0.11,0.19,0.07,0.08,0.08,0.04,0.04,0.12,,,0.39,,,0.4,,0.44,0.22,0.24,,,,,,,,,0.43,0.48,,,,,,,,0.29,0.33,,,2.56,,,,0.55,,,,,,,0.37,0.41,,0.39,,0.44,0.21,0.24,,,,0.55,,,,0.49,,,0.49,0.55,,,2.97,2.66
1779,1.4,2.31,7.48,9.75,10.02,1.49,4.05,4.85,1.6,4.53,5.97,1.79,1.85,5.9,1.65,5.35,6.97,7.17,,2.9,3.47,,3.24,4.27,1.28,1.32,4.22,3.24,4.22,4.34,0.64,1.76,2.1,0.69,1.96,2.58,0.78,,2.56,,1.34,0.2,0.54,0.65,0.21,0.61,,0.24,0.25,0.79,,0.15,0.42,0.5,0.16,0.46,0.61,0.18,0.19,0.61,0.15,0.4,0.48,0.16,0.45,0.6,0.18,0.18,0.59,2.73,3.27,,3.05,4.02,1.21,1.24,3.97,,0.39,,1.47,0.44,0.46,1.46,0.33,,1.23,0.37,0.38,1.22,2.84,3.74,,,3.7,1.32,0.4,0.41,1.3,0.3,0.31,,,3.3,3.2
1784,1.62,3.72,2.6,2.65,1.35,2.87,,1.99,2.78,2.33,3.83,5.69,3.26,1.59,2.3,,,,,,,,,2.37,3.51,2.01,,,,0.36,,0.33,,,,,,,0.43,,0.52,,0.47,,,,,,,,0.51,,0.46,,,,,,,,2.12,,1.47,2.06,1.73,2.84,4.21,2.41,,0.43,,,,,,,,1.62,2.28,1.91,3.13,4.66,2.66,,,,,2.87,,,,,,,,,2.44,,,,,0.41,,0.28,0.49
1796,0.41,0.51,0.23,0.16,0.16,0.35,0.49,,0.28,,,0.34,0.36,,1.25,0.56,0.38,0.38,,,2.39,0.69,3.4,4.21,,,3.56,0.45,0.3,0.3,0.68,,1.92,0.55,2.73,3.37,0.66,0.7,2.86,,0.68,1.51,2.14,4.26,1.22,6.06,7.49,1.46,1.55,6.34,,2.24,3.17,6.32,1.81,9,11.12,2.17,2.3,9.42,2.23,3.16,6.31,1.81,8.97,11.08,2.16,2.29,9.39,1.42,2.83,,4.02,4.97,,,4.21,2,0.57,2.84,3.51,0.68,0.72,2.97,0.29,1.42,1.76,0.34,0.36,1.49,4.96,6.13,,1.27,5.19,,0.24,0.26,,0.2,0.21,,,4.34,4.1
1798,,,,,,,,0.52,0.47,,0.48,0.53,0.5,,,,,,,,,,,,,,,,,,,,0.56,0.51,,0.53,0.57,0.54,,,,,,,,,,,,,,,1.56,,,,,,,,,,,,,,,,,,,,,,,,,0.65,0.59,,0.61,0.66,0.63,,,,,,,,,,,,,,,,,,,,,,
1809,,,0.54,0.53,0.55,10.25,,,,,,,3.49,3.08,,0.44,0.43,0.45,8.43,,,3.36,2.08,2.36,4.02,2.87,2.53,0.37,0.36,0.37,6.99,,,,,,,2.38,2.1,,,19.06,2.86,1.66,7.6,4.7,5.33,9.09,6.48,5.72,,19.45,2.92,1.69,7.75,4.79,5.44,9.28,6.62,5.84,18.66,2.8,1.62,7.44,4.6,5.22,8.9,6.35,5.6,0.15,0.09,,0.25,0.28,,0.34,,0.58,2.65,,,3.18,2.26,2,4.58,2.83,3.22,5.48,3.91,3.45,,,,,,,,,,,,,,,
1818,,7.92,6.6,,,,9.86,,,0.3,,,0.12,5.07,,,,,,9.72,,,0.3,,,0.12,5,,,,0.11,,0.08,0.06,0.04,0.23,0.04,0.02,,,,0.13,,0.09,0.07,0.05,0.28,0.05,0.02,,,0.36,4.09,0.26,0.19,0.12,,0.15,0.05,,0.45,5.19,0.33,0.24,0.16,,0.19,0.07,2.67,11.49,,0.53,0.35,2.16,,0.14,5.91,0.06,0.05,0.03,0.19,0.04,0.01,0.51,,0.48,2.96,,0.2,8.12,,4.03,,0.27,11.05,6.16,,0.41,16.88,0.19,0.07,2.74,0.35,14.27,40.83
1823,,2.16,0.49,0.4,0.46,,,,,,,,,1.71,2.4,0.54,0.45,0.51,1.42,,1.43,,,,,,1.9,0.23,0.19,0.21,,,0.6,0.37,0.52,0.49,0.5,0.47,,,,2.64,,2.65,1.64,2.32,2.17,2.21,2.06,3.52,,3.18,,3.19,1.98,2.8,2.62,2.66,2.49,4.24,2.79,,2.8,1.74,2.45,2.3,2.33,2.18,3.72,,,0.62,,,,,,,,,,,,,0.62,,,,,,1.41,,1.34,,2.14,,,,1.52,,,1.62,,1.6,1.71
1830,0.67,,0.24,0.27,0.31,,1.65,3.24,,4.98,4.87,1.66,1.25,1.93,,0.36,0.4,0.46,1.62,2.46,4.82,1.53,7.43,7.26,2.47,1.87,2.87,0.31,0.34,0.39,,2.09,4.1,,6.32,6.18,2.1,1.59,2.44,,1.29,4.5,6.86,13.45,4.26,20.7,20.25,6.89,5.21,8,,4.02,6.12,12,3.8,18.47,18.07,6.15,4.65,7.14,3.5,5.33,10.45,3.31,16.08,15.73,5.35,4.04,6.21,1.52,2.99,,4.6,4.5,1.53,,,1.96,0.62,3.02,2.95,,0.76,,0.32,,,0.51,0.39,,4.86,4.75,1.62,,,,0.33,0.25,,0.34,0.26,,0.76,,
1832,,2.19,,0.49,0.54,0.49,,,0.28,,2.13,0.33,0.37,2.02,2.05,0.47,0.46,0.51,0.46,,,0.27,1.62,1.99,0.31,0.35,1.89,0.23,0.22,0.25,0.22,,0.48,0.13,,,0.15,0.17,,,,,2.57,2.1,0.57,3.47,4.27,,,4.06,,,2.6,2.12,0.58,3.51,4.33,0.67,0.76,4.12,,2.35,1.91,0.52,3.17,3.9,0.6,0.68,3.71,2.6,2.12,0.58,3.51,4.32,,0.76,4.11,,0.22,,,0.26,0.29,1.58,0.27,1.65,2.04,0.32,0.36,1.94,6.1,7.51,,1.31,7.14,,0.19,0.22,,0.15,0.17,,,6.15,5.43
1845,0.26,1.74,,,1.71,,,7.1,0.51,5.72,4.85,,,5.43,6.8,5.66,4.72,6.69,,3.53,27.8,1.99,22.41,18.98,5.04,3.25,21.26,,0.69,,,,4.09,0.29,3.3,2.79,0.74,0.48,3.13,,,,,4.92,0.35,3.96,3.36,,0.57,3.76,1.42,,,5.89,0.42,4.75,4.02,,0.69,4.51,,0.53,4.16,0.3,3.35,2.84,0.75,0.49,3.18,,,,,,,,,7.88,0.56,6.35,5.38,,,6.03,0.07,,,0.18,0.12,,11.29,9.56,2.54,1.64,10.71,,0.22,0.14,,0.27,0.17,,0.64,4.22,6.55
1847,,,0.06,0.06,0.07,,0.09,0.34,0.38,0.19,0.19,,0.54,0.26,0.58,0.05,0.05,0.05,0.61,0.07,0.26,0.29,0.15,0.15,0.54,0.42,0.2,0.08,0.09,0.09,,0.12,0.46,0.51,0.25,0.25,,0.73,0.35,,,12.66,,5.53,6.14,3.04,3.03,11.29,8.85,4.28,,12.2,1.4,5.33,5.92,2.94,2.92,10.88,8.53,4.12,11.32,,4.94,5.49,2.72,2.71,10.1,7.91,3.83,0.11,0.44,0.49,0.24,0.24,,0.7,0.34,3.81,4.24,2.1,2.09,7.79,6.1,2.95,,0.55,0.55,2.04,1.6,,0.5,0.49,1.84,1.44,,,3.71,2.91,1.41,3.72,2.92,1.41,,0.38,0.48
1849,1.52,,0.69,,,2.64,4.77,0.71,4.45,,,4.64,4.87,2.97,0.58,0.46,0.51,0.72,1.74,3.13,0.47,2.92,0.61,0.57,3.05,3.2,1.95,0.79,,1.24,3,5.42,,5.05,,,5.27,5.53,3.38,,1.58,3.81,6.88,,6.41,1.34,1.26,6.69,7.02,4.29,1.42,3.43,6.18,,5.76,,,6.01,6.31,3.85,2.41,4.35,0.65,4.06,,0.8,4.23,4.44,2.71,,0.27,1.68,0.35,0.33,,1.84,,0.15,,0.2,0.18,,,,6.24,1.31,,6.51,6.84,4.18,0.21,0.2,,,,,4.98,5.23,3.19,5.31,5.57,3.41,,,0.61
1852,0.37,0.11,,,,0.2,,0.23,0.17,,,3.69,0.18,0.41,0.31,1.68,2.6,2.77,0.55,2.26,0.62,0.45,3.27,4.01,9.91,0.49,,5.5,8.5,9.09,1.8,7.41,2.04,1.47,10.72,13.14,32.47,1.6,3.59,,1.65,0.33,,0.37,0.27,,,5.9,0.29,,,0.21,,0.24,0.17,,,3.82,0.19,0.42,0.2,,0.22,0.16,,,3.57,0.18,0.4,4.11,,,5.95,7.29,18.02,,1.99,0.27,0.2,,,,0.22,0.48,0.72,5.27,6.45,15.95,0.79,1.76,7.28,8.93,22.05,,2.44,,3.03,0.15,0.34,,0.12,0.27,0.05,0.11,2.25
1858,0.67,4.1,0.45,,0.61,,2.54,15.83,,9.6,6.31,2.15,1.93,8.36,6.1,0.67,,,,3.77,23.54,1.89,14.27,9.38,3.2,2.86,12.43,0.11,0.14,0.15,0.18,0.62,3.86,0.31,2.34,,0.52,0.47,2.04,,1.35,1.66,5.62,35.04,2.81,21.24,13.96,4.76,4.26,18.5,,,4.53,28.27,2.27,17.13,11.26,3.84,3.44,14.92,,4.15,25.9,2.08,15.7,10.32,3.52,3.15,13.67,3.39,21.17,1.7,12.83,8.44,2.87,2.57,11.18,6.24,0.5,3.78,2.49,,0.76,3.29,0.08,,,0.14,0.12,,7.55,4.96,1.69,1.51,6.57,,0.22,0.2,,0.34,0.31,,,3.89,4.34
1859,0.47,0.26,0.25,0.21,0.24,0.24,0.15,,,0.54,0.41,,,,0.55,0.53,0.45,0.51,0.51,0.32,1.68,,,,,2.56,2.41,,,,,0.58,3.07,2.66,,,,4.68,4.41,,,,0.6,3.15,2.73,2.13,1.62,2.51,4.79,4.52,,,0.71,3.74,3.24,2.52,1.93,2.98,5.7,5.37,,0.62,3.26,2.82,2.2,,2.6,4.97,4.69,0.63,3.31,2.86,,,,5.03,4.75,5.27,4.56,3.56,2.71,4.2,8.03,7.57,,0.67,0.51,,,,,0.59,,1.76,1.66,,,2.26,2.13,,2.96,2.79,1.91,1.8,
1861,,,,,,1.21,,1.3,1.43,1.43,1.47,1.81,1.96,,1.23,1.32,1.93,1.33,1.37,,1.47,1.61,1.61,1.65,2.04,2.21,1.42,,,,,,,1.31,1.31,1.35,1.66,1.8,,,,,,,1.21,1.22,1.25,1.54,1.67,,,,,,,,,,,,,,,1.21,1.21,1.25,1.54,1.66,,,,,,1.21,1.49,1.61,,1.32,1.45,1.45,1.49,1.84,1.99,1.28,,,,1.39,1.5,,,,1.27,1.37,,,1.27,1.37,,1.23,1.34,,,,0.64
1862,,0.14,0.12,0.17,0.21,,0.31,,,,0.11,,,,0.26,0.22,0.31,0.38,,0.56,,,,0.2,,2.36,2.45,,,1.48,17.65,2.18,10.46,15.93,11.49,0.77,6.72,9.17,9.52,,1.72,20.47,2.53,12.13,18.48,13.32,,7.79,10.63,11.04,,14.51,1.79,8.6,13.1,9.44,0.63,5.52,7.53,7.83,11.92,1.47,7.06,10.76,7.76,0.52,4.54,6.19,6.43,0.12,,,0.65,0.04,0.38,0.52,,4.8,7.31,5.27,0.35,3.08,4.2,4.37,,,0.07,,,,,0.05,0.42,,,0.07,0.58,,,8.72,11.89,12.35,,,
1880,0.62,0.27,3.4,2.84,2.58,0.68,1.85,9.29,0.76,9.76,8.49,,,7.81,0.44,5.53,4.61,4.2,,3.01,15.08,,15.85,13.78,,1.66,12.68,12.6,10.51,9.57,2.51,6.87,34.39,2.83,36.15,31.43,3.13,3.79,28.92,,,0.2,,2.73,0.22,2.87,2.49,0.25,0.3,2.3,,0.24,,3.27,0.27,3.44,2.99,0.3,0.36,2.75,0.26,,3.59,0.3,3.78,3.28,0.33,0.4,3.02,2.73,13.68,,14.39,12.5,1.25,1.51,11.51,5.01,0.41,5.27,,0.46,0.55,4.21,0.08,,,0.09,0.11,,12.8,11.12,,1.34,10.24,,0.09,0.1,,0.1,0.12,,1.21,9.23,7.64
1881,,,,,,,,,0.32,,,,0.44,,,0.18,0.18,0.23,0.44,,,0.11,2.14,,,0.15,,0.19,0.18,0.24,0.45,,,0.12,,,,0.16,,,1.28,2.45,,4.48,0.63,11.92,6.4,5.34,,4.28,,2.46,,4.5,0.63,11.99,6.44,5.37,,4.3,1.91,,3.49,0.49,9.29,4.99,4.16,0.67,3.33,,,0.26,4.87,2.61,2.18,0.35,1.75,,,,,,,,0.14,2.66,,,0.19,,18.91,10.15,8.46,1.37,6.78,,,0.07,0.36,,0.13,,0.16,,4.96
1882,,0.24,0.36,0.35,0.32,,0.07,,,,,,,,0.26,0.39,0.39,0.35,,0.07,,,0.51,,,,,1.49,1.47,,7.7,0.28,8.14,8.58,1.92,2.42,6.02,7.57,3.7,,,5.18,0.19,5.47,5.77,1.29,1.63,4.05,5.09,2.49,,5.24,0.19,5.54,5.84,,1.65,4.1,5.15,2.52,5.82,0.21,6.15,6.48,,,4.55,5.72,2.79,0.04,,,0.25,0.31,,,0.48,28.72,30.27,6.76,8.54,21.25,26.7,13.04,,0.24,0.3,,,0.45,0.22,0.28,,,0.43,1.26,3.14,3.95,1.93,2.49,3.12,1.53,,,0.49
1888,,,0.17,0.17,0.17,,0.23,,,,,,3.02,,2.63,0.3,0.29,0.3,5.27,0.39,4.58,5.19,2.59,4.05,,5.24,2.08,0.11,0.11,0.11,,0.15,,,,,,,,,,17.46,,15.17,17.19,8.58,13.41,7.22,17.37,6.89,,17.98,1.33,15.62,17.7,8.84,13.81,7.43,17.89,7.09,17.79,1.32,15.45,17.51,8.74,13.66,7.35,17.7,7.02,0.07,,,,,0.41,,,11.73,13.29,6.63,10.37,5.58,13.43,5.33,,,,0.48,,,,,0.42,,,,,,,,,,2.41,,0.4
1891,,0.15,1.6,,0.7,0.63,,1.94,0.44,2.71,3.08,0.49,0.44,3.53,0.13,,,0.62,0.56,0.33,1.73,0.39,2.41,2.74,0.44,0.4,3.15,10.65,4.94,4.67,4.21,2.5,12.94,2.92,18.04,20.54,3.29,2.96,23.55,,0.44,0.4,,,0.27,,,0.31,0.28,2.21,,,,,,,,,0.6,4.77,,,2.77,0.63,3.86,4.4,0.7,0.63,5.05,,3.07,0.69,4.28,4.88,,0.7,5.59,,,7.21,8.21,,,9.41,0.23,,,0.25,0.23,1.82,6.18,7.04,,,8.07,,0.18,0.16,,0.16,0.14,,,7.17,7.96
1895,,,0.41,0.39,0.49,,,,,,,,,2.45,,0.2,0.19,0.24,,0.37,0.53,,0.55,0.51,0.29,0.56,,0.2,0.19,0.24,,0.37,0.54,,0.55,0.52,0.29,0.57,,,,8.49,1.86,2.71,6.82,2.77,2.6,,2.83,5.97,1.27,8.96,1.97,2.86,7.2,2.93,2.75,1.54,2.98,6.31,7.07,1.55,2.25,5.68,2.31,2.17,,2.35,4.97,0.22,0.32,,0.33,0.31,0.17,0.33,,1.45,3.66,1.49,1.4,,1.52,3.2,2.52,,,,,2.21,0.41,0.38,0.21,0.41,,,,,2.15,,,2.29,1.94,4.1,2.11
1897,,,,,,,,,,0.33,0.27,,,,1.94,,0.66,0.54,,,0.52,0.51,0.19,0.16,,,,0.46,0.34,0.28,,,0.27,0.27,0.1,0.08,0.4,0.4,,,,,,0.58,0.57,0.22,0.18,,,,,,,,,0.29,0.24,,,,,,,,0.36,0.29,,,1.91,,,0.56,0.21,0.17,,,,,,,,,,,,0.37,0.31,,1.51,2,0.38,0.31,,1.52,2.02,,3.97,4.05,5.37,4.86,4.95,6.57,,,
1898,,,,,3.46,,,,,,,,2.19,,,,,2.63,,,,,,,,,,,,3.12,2.77,,,,,,,1.98,,,,,,,,,,,,,,,,,,,,,,,,,0.31,0.3,,,0.32,,0.39,,,0.34,,,0.36,,0.44,,,,,,,,,,,,2.05,,1.98,,,2.12,,,0.54,,,,,,1.98,,0.61
1902,,0.38,0.49,0.39,0.32,,0.14,,,,,,2.95,,,,,,,0.25,,,,,,,,,,,13.46,0.38,13.66,12.76,5.21,7.2,8.43,7.86,2.35,0.79,0.65,10.25,0.29,10.4,9.72,3.97,5.48,6.42,5.98,1.79,,12.92,0.36,13.12,12.26,5,6.91,8.09,7.54,2.26,15.89,0.44,16.13,15.07,6.15,8.5,9.95,9.27,2.77,0.03,,,,,,,0.17,36.38,33.99,13.87,19.17,22.44,20.92,6.26,,,,,,0.17,,,,,0.18,,,,0.45,,,0.33,,0.28,0.3
1911,0.62,,,,,,,,2.44,,,,2.38,,1.7,,,,2.56,,2.89,3.97,2.31,1.81,1.69,3.87,,,,,1.51,,,2.34,,,,2.28,,,,,,,,,,,,,,,,,,,,,,,,,,,,,,,,0.28,,1.55,,,,1.51,0.47,4.03,5.55,3.22,,,5.4,1.67,,,,,,0.42,0.58,0.46,,,0.3,,,1.68,0.52,,2.13,,2.28,,0.31
1914,,7.04,1.62,,1.28,1.91,4.18,4.07,1.59,2.18,2.13,2,1.9,,8.6,1.98,1.47,1.57,2.33,5.11,4.97,1.95,2.66,2.6,2.45,2.33,2.27,0.23,0.17,0.18,0.27,,,0.23,0.31,0.3,0.28,0.27,,0.74,,,2.58,2.51,,,,,,,,1.59,3.49,3.39,1.33,1.82,1.77,1.67,1.59,,1.49,3.26,3.17,,1.7,1.66,1.56,1.48,,,2.13,,,,,,,,0.38,,,,0.46,,0.39,0.54,0.52,0.49,0.47,,1.37,,1.26,,,,,,,,,,,,
1917,,,0.16,0.18,0.31,,,,,,0.37,,2.5,,,0.13,0.15,0.25,,0.37,,,,0.3,,,0.6,0.2,0.23,0.39,1.96,,,2.1,1.86,0.48,1.76,3.2,,,1.92,9.56,2.87,7.56,10.26,9.07,2.32,8.58,15.62,4.59,1.71,8.54,,6.76,9.17,8.11,,7.67,13.96,4.1,4.98,,3.94,5.35,4.73,,4.48,8.15,2.39,,,,,0.24,,,0.48,,,,,,5.43,,,,0.31,,,,,0.23,,,0.45,0.26,,,0.51,3.69,6.72,1.97,,,0.29
1920,,,0.25,0.21,0.24,,,,,,,,,,,0.28,0.23,0.27,,,,,2.12,,,,0.55,0.2,0.17,0.2,,,,,1.57,,,,,,,4.64,3.19,5.66,4.15,7.67,5.35,6.83,5.33,1.98,,5.64,3.87,6.87,5.04,9.31,6.5,8.3,6.48,2.4,4.76,3.27,5.8,4.25,7.86,5.49,7.01,5.47,2.03,,,,,,,,,,,,,,,,0.73,,,,,0.35,1.85,,1.65,,,,,,0.26,,,,,0.29,0.37
1922,,,,,,0.73,,0.73,0.6,3.38,3.13,,,,2.17,,,,,2.23,,,4.93,4.57,,,2.04,,,,0.49,,0.49,0.4,,,0.49,0.59,,,,,,,,,,,,,,,,,,,,,,,,,,,,,,,,2.09,,,4.62,4.28,,,,0.48,0.39,,,,0.57,,,4.64,4.3,,,,5.63,5.22,,1.46,2.33,,0.21,0.26,,0.23,0.28,,,,
1931,,,0.27,,,,,,0.57,,,,,,,0.24,0.43,0.41,,,,0.52,,,0.57,,0.62,0.36,,,,,,,3.02,,,,,,,3.36,,3.2,2.15,8.32,3.57,2.33,4.02,2.55,,,,,,,,,2.25,,,,,,4.9,,,2.37,,,,0.64,2.47,,,,,,,,,,,,,,,,,,3.87,,,1.87,,,0.28,0.48,0.31,,,,1.73,,0.63
1937,0.46,0.31,0.19,0.13,0.14,0.46,,0.47,0.29,0.21,0.2,0.4,0.43,0.21,0.68,0.42,0.28,0.3,,2.45,,0.64,0.46,0.44,,,0.45,0.62,0.42,0.44,1.47,3.61,1.5,,0.68,0.64,,1.4,0.66,0.68,0.71,2.39,5.86,2.44,1.53,,,2.11,2.27,,,3.52,8.63,3.6,2.25,1.62,1.54,3.11,3.34,1.59,3.37,8.25,3.44,2.16,1.55,1.47,2.98,3.2,1.52,2.45,,0.64,0.46,0.44,,,0.45,0.42,0.26,0.19,0.18,0.36,0.39,0.18,0.63,0.45,0.43,,,0.44,0.72,0.68,1.38,1.48,0.7,,1.92,2.06,,2.02,2.17,,,0.51,0.47
1949,,,0.26,0.32,0.35,2.5,4.9,3.56,3.5,7.02,9.97,4.96,4.57,,1.5,0.3,0.37,0.4,2.83,5.55,4.04,3.96,7.95,11.29,5.62,5.18,,0.2,0.24,0.26,,3.69,2.68,2.63,5.28,7.51,3.73,3.44,,1.24,1.34,9.58,18.82,13.67,13.42,26.93,38.26,19.03,17.55,4.36,,7.7,15.12,10.99,10.79,21.64,30.75,15.3,14.11,3.5,7.14,14.04,10.2,10.02,20.09,28.55,14.2,13.09,3.25,1.97,1.43,1.4,2.81,4,1.99,1.83,0.46,,,,,,,0.23,,1.97,2.8,,,0.32,2.01,2.85,,1.31,0.32,,,,0.16,,0.46,0.11,,0.23,0.25
1952,,5.57,0.44,0.32,0.34,2.81,6.93,13.49,4.17,,,3.65,7.05,6.12,8.54,0.67,0.49,0.52,4.31,10.62,20.69,6.4,,,5.6,10.81,9.39,0.08,0.06,0.06,0.5,,2.42,,0.14,0.15,,,,,0.77,6.42,15.83,30.84,9.53,1.84,1.88,8.34,16.1,13.99,,8.84,21.78,42.44,13.12,2.54,2.59,11.48,22.16,19.25,8.31,20.49,39.92,12.34,2.39,2.44,10.79,20.84,18.11,2.46,4.8,,0.29,0.29,,2.51,2.18,,,0.12,0.12,,,,0.31,0.06,0.06,0.27,,,0.19,0.2,,,,,4.52,8.73,7.58,4.43,8.55,7.42,1.93,,
1959,0.5,,0.2,0.15,0.29,,,,,,,,,,,0.4,0.3,0.58,2.91,1.85,1.93,2.85,,,1.98,2.59,,0.3,0.22,0.43,2.14,,,2.1,,,1.45,1.91,,,1.44,7.18,4.56,4.78,7.05,3.38,3.86,4.88,6.4,,1.93,9.68,6.15,6.43,9.49,4.55,5.2,6.57,8.63,3.68,5,3.18,3.33,4.91,2.35,2.69,3.4,4.46,,,,,0.47,0.54,,,,,,,,,,,,,,,,,0.48,0.55,0.69,,,,1.44,1.9,,1.26,1.66,,,,
1960,,0.13,0.06,0.06,0.08,3.08,,,,,0.34,,,,0.2,0.1,0.1,0.12,,,,,,0.52,,,,0.48,0.48,0.6,23.23,3.78,6.34,8.56,5.04,2.54,15.45,8.55,,,1.25,48.4,7.88,13.21,17.83,10.5,5.29,32.2,17.82,4.68,,48.35,7.87,13.2,17.81,10.49,5.28,32.17,17.81,4.67,38.8,6.32,10.6,14.3,8.42,4.24,25.81,14.29,3.75,0.16,0.27,,0.22,0.11,,,,,,,,,,,,,0.4,2.44,,,,0.3,,,,0.5,3.07,,,6.09,3.37,,,,
1967,,0.7,,0.3,0.37,1.52,0.09,,,,,1.57,,,,,0.43,0.54,,0.13,,,,,,1.93,,,0.43,0.54,2.18,0.13,,2,1.7,,2.26,1.93,,0.5,0.62,2.52,0.15,,2.31,,,2.61,2.23,,,5.05,0.3,4.34,4.63,3.94,2.65,5.23,4.47,,4.06,0.24,3.49,3.72,3.17,2.14,4.21,3.6,,0.06,,,,,,,,14.32,15.26,12.98,8.75,17.26,14.74,3.17,,,,,,,,,,,,,,,,,,,,,
1981,,,0.2,0.26,0.37,,,,,,,,,,,0.4,0.53,,3.36,,,,,,,2.02,,0.33,0.43,0.61,2.71,,2.24,,,,2.15,1.63,,,1.86,8.32,,6.89,4.9,5.22,4.59,6.59,5,,,6.36,,5.27,3.74,3.99,3.51,5.04,3.82,,4.47,,3.7,2.63,2.81,2.47,3.54,2.69,,,,0.59,,,,,,,,,,,,,,,,,,,,,,,,,,,,,,,,,
1989,,,,,,,,2.78,2.6,,,2.71,3.44,,,,,,,,,,,,,7.43,3.23,0.5,0.38,0.42,,,,,,,,,,0.76,,,,2.25,2.11,1.94,1.85,2.2,2.79,,,3.05,,2.97,2.78,2.56,2.44,2.9,3.68,1.6,2.77,,2.7,2.53,2.33,2.22,2.64,3.35,,,,,,,,,,,,,,,5.34,,,,,,,,,,,,,,,,,,,,,,
1990,0.37,,0.12,0.15,,2.21,,2.12,,,,,,,2.15,0.31,0.41,5.57,5.95,,5.69,2.88,2.64,3.09,2.39,3.82,1.94,0.14,0.19,2.6,2.77,,2.65,,,,,,,,17.95,19.16,,18.34,9.29,8.51,9.95,7.72,12.31,6.26,13.74,14.66,,14.03,7.11,6.51,7.62,5.9,9.42,4.79,,0.09,,,0.47,,0.43,,0.35,0.08,,0.48,0.44,,0.4,,0.33,11.85,,,,,7.95,4.04,,0.46,,0.42,,0.34,,,,,,,,,,,,,,,0.51
1992,,1.88,,,,4.4,,2.72,2.84,2.5,1.85,3.68,3.19,2.22,,,,,8.61,,,,,,7.19,6.23,4.34,0.36,0.46,0.6,,,,1.51,,,1.96,,,1.29,1.68,6.54,,4.05,4.21,3.72,2.75,5.46,4.73,3.29,1.3,5.07,,3.14,3.27,2.88,2.14,4.23,3.67,2.55,3.9,,2.41,2.51,2.22,1.64,3.26,2.82,1.97,,,,,,,,,,,,,,2.85,1.99,,,,,,,,0.65,1.3,,,,,,,1.98,,,,,
1996,,,,,,,,2.6,2.72,,,,,2.72,,,,2.32,7.47,,6.33,6.62,,,5.97,5.64,6.61,,0.42,0.61,,,,,,,,,,,,4.82,,4.08,4.27,3.01,3.17,3.85,3.64,4.27,1.46,4.72,,4,4.18,2.95,3.11,3.77,3.56,4.18,3.22,,2.73,2.86,2.01,2.12,2.58,2.43,2.85,,,,,,,,,,,,,,3.07,3.6,,,,,,,0.7,,,,,,,,,,,,,,
2004,,,0.28,0.3,0.33,2.21,,,,,,,2.55,2.67,,0.51,0.55,0.6,4.08,,3.65,3.1,,,5.42,4.72,4.94,0.27,0.29,0.32,2.16,,,,,,2.87,2.49,2.61,,,7.98,3.11,7.13,6.06,4.95,4.88,10.61,9.22,9.66,,7.4,2.89,6.61,5.62,4.59,4.52,9.83,8.55,8.95,6.78,2.65,6.06,5.15,4.21,4.15,9.02,7.84,8.21,,,,0.62,,,,,,,,,,2.96,3.1,,,,,,,,,,,,,,,1.95,,,,,,
2006,,,,,,,,,,,,9.77,3.82,,,,,,,,,,,,,5.5,,,,,,,,,,,5.13,,,,,4.02,,,5.7,7.51,4.81,10.17,3.98,,,3.64,,,5.15,6.79,4.35,9.2,3.6,,2.78,,,3.94,5.19,3.32,7.03,2.75,,,,,,,,,,,,,,,,,,,,,,,1.32,,1.78,,0.24,,,,0.18,2.11,,0.28,,0.13,0.34
2009,,,0.28,0.34,0.45,2.11,,,,,,,1.75,,,,,,4.7,,4.67,3.54,4.23,2.53,2.8,3.9,3.45,0.32,0.38,0.51,2.4,,2.39,1.81,,,,1.99,1.76,,1.62,7.56,,7.51,5.69,6.8,4.07,4.49,6.26,5.55,1.34,6.26,,6.21,4.71,5.63,3.37,3.72,5.19,4.59,4.67,,4.64,3.52,4.21,2.52,2.78,3.87,3.43,,,,,0.54,,,,,,,,,3.48,3.08,,,,,,,,,,,,,,,,,,,,,
2014,,,,,2.69,,,,,,,,5.36,,,,,7.4,,,,,,,,14.77,,0.54,,,2.47,19.03,,2.35,2.18,,3.73,2.81,,,2.59,4.57,35.14,,4.33,4.02,2.07,6.88,5.18,2.63,2.57,4.52,34.77,,4.29,3.98,,6.81,5.13,2.61,,13.55,,,,,,,,,,,,,,,,,,,,0.2,,,,,,3.95,2.97,,,,,,,,,,,3.32,2.5,,,,
