Gene Name,Log2 (Adult/Juvenile),P Value,Total # of Quantitated 14N/15N Pairs
Aldh1l2,3.1867,0.00E+00,16
Nol3,2.97982,0.00E+00,10
Ftl1,2.56478,0.00E+00,16
Fth1,2.33039,0.00E+00,14
Cpa1,2.0614,4.49E-02,13
Fam129a,2.00749,1.00E-05,12
Cel,1.96994,1.99E-03,19
Cbr3,1.87832,9.80E-04,12
Rtn1,1.87072,5.61E-03,13
Erp27,1.83129,3.31E-03,5
Ppt1,1.782,7.00E-05,11
Ctrl,1.74595,4.63E-02,16
Ckb,1.71926,0.00E+00,25
Fabp4,1.71312,1.79E-02,6
Amy2,1.69681,2.50E-04,29
Phgdh,1.6939,2.40E-04,13
Vat1,1.5639,0.00E+00,21
Crmp1,1.56294,0.00E+00,14
Hapln4,1.56294,0.00E+00,15
Apoe,1.56071,4.50E-04,8
Gstm2,1.54956,1.00E-05,20
Pnlip,1.4957,1.55E-02,16
Tpp1,1.44524,0.00E+00,16
Rnase4,1.39855,0.00E+00,13
Atp8a1,1.39366,0.00E+00,14
Ela3,1.3351,2.89E-02,18
Abcb9,1.32193,2.46E-02,4
Dpp7,1.31667,2.00E-05,13
Fam169a,1.30415,0.00E+00,13
Gpld1,1.29808,1.66E-03,9
Gdpd1,1.29768,4.33E-03,8
Eno2,1.28011,0.00E+00,15
Asah1,1.26112,0.00E+00,14
Lcp1,1.20436,0.00E+00,16
Gsn,1.19794,0.00E+00,23
Igfals,1.19555,1.00E-05,17
Enpp2,1.1901,2.20E-04,13
Coro1a,1.18982,0.00E+00,14
Slc27a1,1.18866,4.53E-02,6
Gstm1,1.18556,0.00E+00,18
Comtd1,1.1822,7.29E-03,6
Gstm3,1.152,1.70E-04,12
Spock1,1.15078,0.00E+00,22
Dhtkd1,1.14202,0.00E+00,20
Pnpo,1.1375,0.00E+00,20
Gstm7,1.13006,2.30E-04,10
Pde5a,1.12928,0.00E+00,14
Cntnap2,1.11366,4.63E-02,4
Tmem22,1.10128,8.72E-03,7
Sepp1,1.09622,4.73E-02,4
Got1,1.07039,0.00E+00,23
Fmn2,1.06193,7.17E-03,7
Hint3,1.04891,1.08E-03,9
Chga,1.03882,0.00E+00,23
G6pdx,1.026,0.00E+00,20
Bace2,1.02237,2.94E-03,12
Scamp3,1.01073,2.62E-03,14
Cntfr,1,2.24E-02,6
Hibadh,1,0.00E+00,15
Maoa,1,0.00E+00,16
LOC100047762,0.97534,0.00E+00,9
Acot9,0.94847,2.00E-05,11
Psap,0.93529,0.00E+00,21
Adh1,0.92724,0.00E+00,22
Idua,0.91754,3.79E-02,6
Tceal3,0.91754,6.81E-03,8
Scg2,0.9102,0.00E+00,25
Copz2,0.90414,5.33E-03,4
Mecp2,0.9027,0.00E+00,16
Them2,0.90215,1.20E-04,8
Ldha,0.89743,1.52E-02,6
Emilin1,0.89616,0.00E+00,25
Nfxl1,0.89202,1.89E-03,5
Cdc42bpa,0.88679,2.75E-02,4
Pcca,0.87447,0.00E+00,20
Tmed5,0.86755,1.00E-05,14
Slc9a7,0.86736,9.01E-03,5
Mettl7a1,0.86507,4.00E-05,9
Rab3a,0.86465,0.00E+00,13
Pccb,0.8594,0.00E+00,27
Creg1,0.85896,5.00E-05,17
Tfb1m,0.848,2.21E-02,9
Dnajb9,0.84549,0.00E+00,16
Myo5a,0.8413,0.00E+00,24
Mthfd2,0.83954,1.41E-03,12
Gaa,0.83894,0.00E+00,16
Vgf,0.83825,6.70E-03,10
Ehd4,0.83399,0.00E+00,14
C030006K11Rik,0.83289,1.20E-04,8
Aldh18a1,0.82753,0.00E+00,23
Nnt,0.82221,0.00E+00,14
Hint2,0.81943,1.00E-05,14
Rph3al,0.81655,0.00E+00,17
Sqrdl,0.81359,0.00E+00,25
Pacsin1,0.8099,2.59E-02,5
Flad1,0.80445,1.81E-03,7
Mccc1,0.80445,0.00E+00,22
Tha1,0.80445,2.00E-05,12
Aldh5a1,0.79518,0.00E+00,19
Prnd,0.79518,1.70E-04,15
Prnp,0.79518,1.00E-05,17
E330026B02Rik,0.78427,2.76E-03,12
LOC677317,0.7829,1.20E-04,14
Me1,0.7829,1.20E-04,14
Spock2,0.77761,0.00E+00,21
Nars2,0.77444,2.80E-04,13
Aadacl1,0.77259,0.00E+00,19
Slc25a42,0.76912,0.00E+00,14
9030617O03Rik,0.7668,1.02E-02,11
Impact,0.76553,1.26E-02,11
E430002G05Rik,0.76005,1.00E-05,21
Hsd17b11,0.75899,2.00E-05,17
Macrod1,0.75803,3.80E-04,9
C2cd2l,0.75489,8.37E-03,12
Hsdl2,0.75336,8.61E-03,6
Stxbp5,0.75336,0.00E+00,16
Stard5,0.74781,1.16E-02,9
Ndrg3,0.72583,1.78E-02,7
Bmp1,0.72437,5.00E-05,15
Suclg2,0.71707,0.00E+00,14
Mccc2,0.7146,0.00E+00,23
Ivd,0.71329,0.00E+00,25
Scg3,0.70782,0.00E+00,34
Chgb,0.70627,0.00E+00,20
Arsa,0.70499,0.00E+00,16
Pdxk,0.70402,1.00E-05,14
Stx3,0.70044,0.00E+00,14
Acaa2,0.69707,0.00E+00,21
BC039632,0.69707,5.00E-05,21
Gnai2,0.69459,0.00E+00,27
Hdhd3,0.69459,4.03E-02,9
Lima1,0.69188,1.83E-02,12
Mapk14,0.68966,3.00E-02,8
1700052N19Rik,0.68806,2.58E-02,6
Isoc2b,0.68353,1.60E-04,11
Endod1,0.68281,0.00E+00,17
2510003E04Rik,0.67807,4.47E-02,5
Dnajc5,0.67573,5.00E-05,13
Atp6v0a1,0.67557,0.00E+00,31
Echdc2,0.66985,9.10E-04,16
A230050P20Rik,0.66658,3.70E-02,11
Cbs,0.66395,3.02E-02,14
Prpsap1,0.662,1.80E-04,15
Sv2a,0.662,0.00E+00,19
Cryz,0.66091,0.00E+00,19
Rhpn2,0.65966,7.55E-03,12
Stk32a,0.65761,1.00E-05,12
Ucn3,0.65711,8.00E-05,10
Vps13a,0.65535,3.00E-04,13
Abcc1,0.654,4.50E-02,8
Dnajc13,0.64853,2.54E-02,12
Ilvbl,0.64636,2.43E-03,13
Dhdh,0.64211,3.00E-05,16
Mapt,0.64111,2.12E-02,16
Fmo5,0.64046,2.72E-02,6
LOC100046051,0.64046,2.72E-02,6
Rab27a,0.6389,0.00E+00,18
Gcat,0.63743,2.00E-05,20
Spnb3,0.63346,0.00E+00,24
Lgals3bp,0.63294,0.00E+00,24
Slc9a3r2,0.63136,2.29E-02,16
Casr,0.62916,4.58E-02,9
Vps13c,0.62696,0.00E+00,21
Fam114a2,0.6256,8.76E-03,8
Hapln1,0.6256,1.64E-02,13
D330012F22Rik,0.62496,2.02E-03,11
Gstp1,0.62244,3.00E-05,18
Tom1,0.61844,0.00E+00,16
Phospho2,0.61775,3.76E-02,8
Bsdc1,0.61508,1.30E-02,12
Tex10,0.61508,2.69E-02,8
LOC640369,0.61143,5.50E-04,17
Rab5b,0.61143,5.50E-04,17
Gnpda1,0.60699,3.00E-05,14
BC026585,0.60666,1.00E-05,16
BC003331,0.60145,2.31E-03,9
Pcsk2,0.59826,0.00E+00,20
Hexb,0.5979,4.00E-05,18
Fahd2a,0.59756,4.00E-05,11
Iapp,0.59756,0.00E+00,14
H2-Ke6,0.59585,3.91E-03,9
Tacc2,0.59234,4.50E-02,13
Blvra,0.59154,4.11E-02,16
Extl2,0.59119,5.00E-05,14
Ctnnd2,0.58496,2.50E-04,6
Lamp2,0.58496,1.00E-05,12
Mtap,0.58496,0.00E+00,16
Sdr39u1,0.58496,0.00E+00,14
Atp6v0d1,0.57836,0.00E+00,21
Akt1,0.57258,2.00E-02,13
LOC100047666,0.57258,2.00E-02,13
Atl1,0.57116,4.56E-02,4
Tcn2,0.57116,3.44E-03,12
Cpe,0.57075,0.00E+00,31
Serpina10,0.56188,1.50E-03,14
Gsr,0.558,0.00E+00,18
Hadh,0.5542,0.00E+00,21
Gusb,0.5483,0.00E+00,18
Ehd3,0.54574,0.00E+00,16
Pdap1,0.54543,4.50E-04,13
Man1a,0.54057,2.20E-04,14
Ctsa,0.5381,0.00E+00,18
Sult1c2,0.5381,3.54E-02,11
Echdc2,0.53675,4.27E-02,11
Pitpna,0.5366,2.03E-02,16
Rbbp9,0.53478,2.00E-05,13
Ccdc44,0.53343,7.80E-04,13
Mrpl46,0.53185,2.94E-02,10
Nipsnap1,0.52925,0.00E+00,20
Ephx1,0.52442,1.00E-05,14
Gbas,0.52356,0.00E+00,16
Gstm5,0.52268,3.09E-03,15
Alb,0.52242,4.00E-05,16
Cbr4,0.52195,3.00E-05,13
Decr1,0.52195,0.00E+00,18
Aldh9a1,0.52135,0.00E+00,22
Aldh6a1,0.51937,1.75E-03,16
Asns,0.51824,2.84E-02,18
Prkd1,0.51813,9.46E-03,9
Qsox1,0.51658,0.00E+00,19
Aldh4a1,0.51457,3.00E-05,18
Bcs1l,0.51457,3.87E-03,15
Slc25a25,0.51457,2.73E-03,12
Thnsl1,0.51457,7.90E-04,17
Gar1,0.51245,1.48E-02,4
Rars2,0.51096,6.00E-05,20
C1qbp,0.50901,0.00E+00,16
Ahcy,0.5076,0.00E+00,22
Cyb5r1,0.50479,1.17E-02,16
Preb,0.5025,3.00E-05,16
D10Jhu81e,0.50155,6.09E-03,18
LOC100046684,0.50155,1.77E-02,16
Pts,0.5014,6.66E-03,10
Isoc2a,0.49825,0.00E+00,19
Sgpl1,0.49668,4.90E-04,12
Akr1c19,0.49596,8.50E-04,18
A230046K03Rik,0.49533,6.47E-03,11
Ctsl,0.49185,1.49E-03,13
Pgcp,0.49185,0.00E+00,18
Pcsk1,0.49139,0.00E+00,27
Itgav,0.49033,1.16E-03,15
Pck2,0.49005,0.00E+00,19
Nolc1,0.48794,3.82E-03,12
Cadps2,0.48543,6.00E-05,15
Clic4,0.48543,2.64E-03,14
Bcat2,0.48113,3.22E-02,17
Naga,0.48033,0.00E+00,27
Pla2g15,0.48033,1.58E-02,13
B4galt3,0.47999,1.35E-02,11
Acss2,0.47805,2.93E-03,12
Ins2,0.47758,7.10E-04,23
Abhd12,0.47705,2.66E-02,14
Cryl1,0.47644,0.00E+00,23
Csad,0.47644,9.00E-05,13
Coro7,0.47468,0.00E+00,20
2400001E08Rik,0.47249,1.00E-05,14
Ctsd,0.47249,0.00E+00,21
Vamp2,0.47249,0.00E+00,17
Stx16,0.47207,9.00E-05,12
Mcfd2,0.47045,3.10E-04,16
Sfxn1,0.47045,0.00E+00,20
Ddc,0.46839,0.00E+00,19
A2ld1,0.46632,2.08E-03,9
Mpi,0.46632,0.00E+00,17
2310047M10Rik,0.46566,3.52E-02,4
Hexa,0.46566,0.00E+00,22
Ins1,0.46496,1.13E-03,19
Bckdhb,0.46467,3.88E-03,16
Aldoart1,0.46263,1.00E-05,13
9130011E15Rik,0.46133,3.12E-02,11
Pgm3,0.46113,0.00E+00,32
Rab2a,0.46097,0.00E+00,17
Mgll,0.45943,4.99E-02,12
Cutc,0.45785,5.79E-03,13
Lta4h,0.45785,0.00E+00,18
Hdgfrp3,0.45638,1.33E-02,16
Scrn2,0.45457,5.18E-03,13
Rogdi,0.45317,2.95E-02,8
Abhd14b,0.45111,0.00E+00,14
Pkp4,0.45111,0.00E+00,21
LOC100047632,0.45017,2.70E-02,7
LOC100047636,0.45017,2.70E-02,7
Cops2,0.4498,5.60E-04,4
Nsf,0.4498,2.00E-05,16
Insrr,0.44859,7.00E-05,14
Asah2,0.44746,1.72E-02,8
Glt8d1,0.44746,4.60E-04,12
Eppk1,0.44626,1.86E-03,4
Scarb2,0.44541,3.00E-05,13
Lmnb2,0.44313,3.70E-04,27
Rab3d,0.44313,5.10E-04,16
Tom1l2,0.44151,4.00E-05,17
Pdcd4,0.44137,1.12E-02,10
Hspe1,0.43769,0.00E+00,14
Smpd1,0.4361,6.59E-03,10
LOC100048117,0.43365,0.00E+00,19
Fech,0.43172,0.00E+00,13
Gcsh,0.43172,1.72E-02,7
Sfrp5,0.43063,2.22E-03,11
Snap25,0.42884,2.36E-02,9
Uap1l1,0.42786,2.00E-05,13
Src,0.42742,9.50E-04,12
Ccdc51,0.42414,1.10E-03,7
Mif,0.42414,4.15E-03,14
Mrpl37,0.42414,8.13E-03,9
Mut,0.42381,5.10E-04,14
Rraga,0.42381,2.20E-04,14
Aldoc,0.4235,1.50E-04,14
Ppm1l,0.42294,0.00E+00,13
Sil1,0.41938,3.15E-03,17
ENSMUSG00000069070,0.41923,4.41E-02,32
Acadsb,0.41908,1.60E-03,15
Acp2,0.41504,0.00E+00,14
Fam49b,0.41504,1.33E-02,11
Ghdc,0.41504,3.64E-02,9
Lsm4,0.41504,2.43E-02,13
Osbpl1a,0.41504,2.65E-03,9
Plod3,0.41504,1.10E-04,18
Sars,0.41504,0.00E+00,28
Sfxn3,0.41504,6.20E-04,12
Sirt5,0.41504,1.28E-02,10
Tollip,0.41504,0.00E+00,13
Cog8,0.41046,6.23E-03,12
Ptprn,0.41046,1.40E-04,13
Ano10,0.41028,1.67E-03,12
Aldoa,0.40742,1.04E-03,4
Cox4i1,0.40718,0.00E+00,16
Clpp,0.40663,1.90E-03,14
Fam62b,0.40632,0.00E+00,18
Hadhb,0.40632,0.00E+00,18
Nt5c,0.40564,3.67E-02,17
Yars,0.4021,1.30E-04,24
Ggt7,0.39855,5.25E-03,11
Myh7b,0.39855,5.25E-03,11
Nt5dc3,0.39855,3.06E-02,10
Hadha,0.39796,0.00E+00,23
Ddt,0.39734,0.00E+00,22
Erp44,0.39734,0.00E+00,30
Atp6v0c,0.39666,2.60E-04,12
Spr,0.39666,8.40E-04,15
Tmem55a,0.39666,3.33E-02,6
Cadps,0.39391,0.00E+00,18
Ptpn9,0.39391,3.50E-04,12
Gns,0.39232,8.00E-04,17
Stx12,0.39079,9.94E-03,14
Psmb10,0.39046,2.15E-02,8
Grhpr,0.38995,3.10E-04,17
Hsdl1,0.38995,2.51E-02,8
Mtap4,0.38995,3.85E-02,17
Tor1aip1,0.38904,2.87E-03,13
Hist2h2aa1,0.38857,1.00E-05,25
Atp6v1e1,0.38807,2.00E-05,15
Cars,0.38807,4.90E-04,16
Vamp3,0.38807,6.00E-05,13
Fn3krp,0.38702,7.01E-03,4
Mdh1,0.38702,0.00E+00,27
Acad10,0.38606,0.00E+00,22
Grn,0.38606,6.10E-04,14
Lace1,0.38606,2.52E-03,12
Pcx,0.38434,0.00E+00,21
Fdxr,0.38272,1.40E-03,17
Mgat2,0.38109,1.85E-03,14
Bphl,0.37851,0.00E+00,18
Mrps30,0.37851,1.54E-03,14
Slc25a1,0.37851,0.00E+00,16
1300010F03Rik,0.37615,0.00E+00,20
Fabp3,0.37551,2.22E-03,10
LOC100047867,0.37551,2.22E-03,10
Rab5a,0.37346,3.80E-04,16
Gatm,0.37281,1.28E-02,23
Gpx1,0.37281,0.00E+00,17
Abat,0.37197,0.00E+00,22
Itga1,0.37137,4.76E-02,7
0610011F06Rik,0.36976,2.70E-04,14
Ndufb7,0.36737,2.53E-02,14
Trmu,0.36737,1.80E-02,9
Rtn4,0.36441,1.65E-03,19
Atp9a,0.36257,1.01E-03,14
Gorasp2,0.36257,4.00E-03,15
Cox5a,0.36088,0.00E+00,18
Acly,0.36075,0.00E+00,23
Cmbl,0.36059,5.43E-03,14
Mboat7,0.36059,3.82E-02,6
Ndufb4,0.35716,3.00E-05,16
Chid1,0.35669,3.00E-05,14
BC017158,0.35614,3.95E-02,17
Acadl,0.35509,6.00E-05,15
Capns1,0.35509,4.69E-02,4
Ddhd2,0.35509,2.86E-02,12
Gosr2,0.35509,2.00E-05,16
Itpkb,0.35509,4.27E-03,10
Sdha,0.35509,2.00E-05,16
6330409N04Rik,0.35443,2.25E-02,12
Acat1,0.35364,0.00E+00,23
Ddi2,0.35288,1.39E-02,13
Pgm1,0.35147,1.50E-04,14
Rab7,0.35147,3.10E-04,19
Pdk3,0.35019,5.00E-05,14
Samhd1,0.35019,3.40E-04,21
St13,0.34915,2.00E-05,14
Tor1b,0.34915,9.00E-05,16
Arl8b,0.34792,6.50E-03,14
Dmxl2,0.34792,7.66E-03,17
Aldh2,0.3468,0.00E+00,21
Dennd4c,0.34665,4.70E-04,14
Gmpr,0.34665,2.60E-04,14
Stxbp1,0.34665,0.00E+00,23
Clu,0.34514,2.40E-04,16
Atp6ap1,0.34445,1.00E-05,18
Avl9,0.34445,5.50E-03,14
Hax1,0.34289,4.14E-03,11
Gcdh,0.34179,0.00E+00,19
Adk,0.33949,1.38E-02,16
Sst,0.33921,9.93E-03,18
Ctage5,0.33842,1.90E-03,22
Casc4,0.3356,9.86E-03,16
Nit1,0.3356,5.62E-03,4
Skp1a,0.3356,2.10E-02,16
Anxa7,0.33498,2.00E-05,17
Dnm3,0.33442,2.02E-02,14
Lonp1,0.3339,2.00E-05,19
Dgke,0.33258,9.84E-03,11
Epb4.1l3,0.33258,1.64E-02,13
Mvp,0.33162,5.00E-05,14
9330129D05Rik,0.33121,1.31E-03,14
Mrpl12,0.32862,1.60E-04,14
Wdr7,0.32862,8.50E-04,16
Nars,0.32833,0.00E+00,31
Ndufb10,0.32833,1.00E-05,16
Ehd1,0.32736,2.10E-02,4
Bpnt1,0.32524,1.00E-05,24
Auh,0.3251,0.00E+00,14
Lman2,0.3251,1.00E-05,19
Lypla1,0.3251,1.28E-02,13
Ndufv3,0.32484,5.90E-04,16
Glg1,0.32193,4.00E-05,18
Nhp2,0.32193,2.79E-03,11
Pip4k2c,0.32193,2.32E-02,15
Tprkb,0.32193,1.21E-02,8
Tspo,0.32193,4.02E-02,4
Hist2h2ab,0.31937,0.00E+00,32
Dpm1,0.31882,5.00E-04,18
Slc25a12,0.31868,0.00E+00,21
Prdx6,0.31853,0.00E+00,18
Prps2,0.31853,3.22E-03,14
Sacm1l,0.31853,1.20E-04,22
Fam151a,0.31836,3.00E-05,16
Sdf4,0.31836,1.66E-02,18
2810407C02Rik,0.31797,2.49E-02,16
Ahcyl2,0.3155,4.00E-04,14
Man2b1,0.3155,1.00E-05,28
Pdha1,0.3155,0.00E+00,23
Rab3gap1,0.3155,1.00E-05,20
Stx18,0.31487,4.41E-02,11
Gfm1,0.31238,2.18E-02,14
Hspa9,0.31238,0.00E+00,18
Tufm,0.31238,0.00E+00,24
Ganab,0.31194,0.00E+00,26
Lactb2,0.31194,3.29E-03,13
Ptplad1,0.31194,1.00E-05,20
Agpat1,0.31146,2.49E-03,13
Gnal1,0.30986,5.29E-03,15
Ahcyl1,0.30933,2.00E-05,17
Ndufs4,0.30933,2.00E-05,16
Coasy,0.30875,7.00E-04,23
Slc2a2,0.30875,1.70E-02,16
Immt,0.30633,2.60E-04,11
1810034K20Rik,0.30563,2.57E-03,12
Napg,0.30563,1.87E-03,14
Gnpda2,0.30485,2.99E-02,14
Ptprn2,0.30485,0.00E+00,34
Cox5b,0.30339,6.02E-03,16
Larp1,0.30339,4.20E-04,16
Park7,0.30339,1.00E-05,23
Txndc17,0.30256,1.66E-02,13
Aldh3a2,0.29956,1.00E-05,21
Alg2,0.29956,0.00E+00,30
Fh1,0.29956,1.20E-04,16
Fhit,0.29956,2.26E-03,4
Hibch,0.29956,0.00E+00,20
Myo1c,0.29866,1.52E-03,20
Ppa2,0.29866,7.00E-05,14
Golph3,0.29852,2.00E-04,17
Idh3g,0.29852,6.30E-03,21
Tmed10,0.29852,3.00E-05,19
Dnaja4,0.29739,2.12E-03,23
mt-Co2,0.29662,8.00E-05,18
Apoa1bp,0.29546,0.00E+00,17
Gng12,0.29546,3.23E-03,9
Fuk,0.29418,6.20E-04,14
Ndufs1,0.29373,0.00E+00,20
Scfd2,0.29373,2.15E-03,14
Aars,0.29245,1.00E-04,23
Ndufa9,0.29218,0.00E+00,20
Cenpv,0.29105,9.00E-05,17
E430025E21Rik,0.29105,6.29E-03,14
H2afy,0.2909,3.00E-05,22
Myo18a,0.28951,3.85E-03,19
Nucb1,0.28951,0.00E+00,21
Pfas,0.28951,1.00E-05,18
Tmem63a,0.28951,9.00E-05,16
Sirt2,0.28813,1.83E-03,13
Arfgef2,0.28798,7.50E-04,17
Plod1,0.28662,2.32E-02,16
2310005E10Rik,0.2863,3.00E-04,19
Cplx2,0.2863,5.80E-04,24
Pcsk1n,0.2863,1.30E-04,16
Qpctl,0.28498,4.26E-02,7
Cd2ap,0.28379,1.87E-02,14
Glrx5,0.28379,3.56E-02,11
Dlat,0.28204,6.00E-05,17
Fbl,0.28177,2.71E-02,13
Tfam,0.28177,4.14E-02,9
Dctn4,0.28102,4.96E-02,14
Uchl3,0.28102,3.00E-02,14
Scg5,0.28011,3.56E-02,23
Qsox2,0.27928,1.52E-02,14
Arl6ip5,0.27915,1.40E-04,13
Slc25a5,0.27915,0.00E+00,27
Ampd2,0.2783,2.00E-05,14
Ndufa8,0.2783,0.00E+00,14
Prkca,0.2783,2.00E-05,17
Prkcb,0.2783,1.00E-04,12
Gba,0.27798,1.04E-03,14
Cds2,0.27711,6.70E-04,12
Cln6,0.27711,4.65E-03,12
Pcbd1,0.27633,2.58E-03,16
Nop56,0.27501,2.14E-03,13
AU021838,0.27417,0.00E+00,28
Iah1,0.27417,1.01E-02,16
Mapksp1,0.27417,8.60E-04,12
Nbas,0.27417,1.00E-05,19
Prps1,0.27417,0.00E+00,28
Ndufa12,0.27357,5.90E-04,19
Cmas,0.27302,3.65E-02,13
Mbc2,0.27253,3.73E-03,16
Pebp1,0.2713,1.00E-04,22
Fkbp2,0.27085,9.20E-04,18
Ndufv2,0.27085,2.00E-04,16
Rint1,0.27085,2.60E-03,13
Samm50,0.27085,1.84E-03,17
Ndufb8,0.27009,4.57E-03,14
LOC100047696,0.26976,8.50E-04,6
Prosc,0.26882,1.53E-02,16
Lman1,0.26849,1.71E-03,18
Sh3glb2,0.2682,1.47E-02,11
Ndufb6,0.26793,1.00E-05,11
Actr10,0.26573,3.98E-03,14
Atp6v1h,0.26573,1.00E-05,16
Dhx32,0.26573,2.68E-02,16
Pgrmc2,0.26559,1.00E-05,16
Inpp5f,-2.937,1.41E-02,4
Hist1h1b,-2.494,0.00E+00,14
Msln,-2.011,1.73E-02,9
Oat,-1.991,1.63E-02,8
Dmbt1,-1.861,1.05E-02,4
Serpinh1,-1.564,0.00E+00,16
Gpx2,-1.459,0.00E+00,10
Sult1d1,-1.395,0.00E+00,14
Insm1,-1.38,6.97E-03,7
LOC100046823,-1.372,1.57E-02,4
Pcna,-1.372,1.57E-02,4
LOC100045442,-1.212,1.81E-02,6
Gamt,-1.207,4.67E-02,6
Bak1,-1.182,4.00E-04,6
Tbl2,-1.114,3.00E-05,11
Msh6,-1.097,3.20E-02,5
Hmgcl,-1.094,6.00E-05,4
Foxk1,-1.084,1.51E-02,4
Serping1,-1.079,6.60E-04,14
Nt5dc2,-1.066,0.00E+00,19
Arg1,-1.051,0.00E+00,19
Cc2d1a,-1,1.45E-02,4
Ocrl,-0.989,5.70E-04,10
Emd,-0.985,4.04E-03,10
Ckmt1,-0.935,5.00E-05,16
Nasp,-0.934,4.00E-04,11
Rpa3,-0.931,0.00E+00,13
Dis3,-0.928,2.77E-02,6
Vps29,-0.911,1.57E-02,11
Hist1h3h,-0.91,6.50E-04,24
LOC100048313,-0.889,8.90E-04,6
Mov10,-0.884,8.09E-03,10
Igfbp7,-0.869,0.00E+00,18
Gcg,-0.853,0.00E+00,30
Klc3,-0.83,4.25E-03,11
Tbce,-0.804,4.32E-02,8
Rgl3,-0.802,3.48E-02,8
Dpysl3,-0.798,7.10E-04,8
Adss,-0.789,3.40E-02,14
Nudcd2,-0.785,2.94E-02,7
Aacs,-0.783,3.20E-04,10
D430028G21Rik,-0.783,1.22E-02,8
Irgq,-0.774,1.24E-02,6
Csda,-0.769,2.40E-04,12
Pls1,-0.768,2.00E-05,12
Rad21,-0.763,5.80E-04,16
Pyy,-0.753,5.20E-04,14
Ints4,-0.741,4.54E-02,13
Pgam5,-0.735,3.35E-03,5
Prdx4,-0.715,8.90E-04,12
Papss1,-0.711,4.20E-04,14
Mttp,-0.698,2.35E-02,19
Tspan8,-0.698,1.13E-02,11
Fasn,-0.697,0.00E+00,18
Tfrc,-0.69,1.30E-04,15
Aoc2,-0.686,7.35E-03,8
Aoc3,-0.686,7.35E-03,8
Chd5,-0.685,1.41E-02,8
Lage3,-0.669,2.28E-02,7
Unc45a,-0.667,2.44E-02,6
Anxa4,-0.663,0.00E+00,26
Pdia5,-0.662,3.00E-05,21
Syne2,-0.661,8.73E-03,13
EG665509,-0.66,1.40E-03,9
S100a11,-0.66,1.40E-03,9
Itpr1,-0.657,7.50E-04,9
Itpr3,-0.646,1.16E-02,18
Wipi1,-0.64,4.46E-03,8
Madd,-0.637,4.80E-04,6
Lmnb1,-0.634,0.00E+00,26
Ppie,-0.633,5.35E-03,10
Gfpt1,-0.632,0.00E+00,21
Itga6,-0.627,1.51E-02,10
Gck,-0.626,3.20E-02,8
Acsl5,-0.625,2.70E-03,16
Iqgap2,-0.624,2.41E-03,10
Marcks,-0.621,1.19E-02,7
Itfg3,-0.62,8.53E-03,11
Tmpo,-0.619,0.00E+00,19
H2afv,-0.617,0.00E+00,19
H2afz,-0.617,0.00E+00,19
Dido1,-0.604,3.73E-03,8
Nipbl,-0.601,6.72E-03,8
2010309E21Rik,-0.599,2.31E-02,9
Nedd4l,-0.597,1.45E-02,13
Cdk9,-0.592,2.56E-02,10
Dek,-0.585,6.40E-04,16
Dsp,-0.585,6.35E-03,22
ENSMUSG00000069083,-0.585,1.33E-03,8
Slc25a24,-0.585,1.12E-02,7
Srp54c,-0.585,2.85E-03,4
Etfdh,-0.574,2.92E-02,6
Tpm4,-0.574,2.00E-05,13
Pus7,-0.57,1.25E-03,6
Vps36,-0.567,3.36E-02,9
Mpp1,-0.563,7.07E-03,5
Ctse,-0.56,1.29E-02,16
EG665955,-0.56,1.29E-02,16
Pold2,-0.56,2.32E-03,10
Ank,-0.559,2.90E-04,12
Fdps,-0.551,3.00E-05,13
Larp4,-0.548,3.00E-05,13
Dnajc8,-0.537,2.87E-02,10
Mms19,-0.535,9.03E-03,9
Abcb10,-0.529,2.10E-04,16
Spata5,-0.528,2.19E-02,8
Hist1h3e,-0.527,4.89E-03,22
Tmx4,-0.527,3.01E-03,9
Vim,-0.527,7.05E-03,17
Hist1h1c,-0.525,0.00E+00,25
Kpna2,-0.524,2.60E-04,11
Stambp,-0.523,1.43E-03,10
Ctps,-0.522,9.00E-05,13
Rbm3,-0.522,0.00E+00,22
LOC100047016,-0.521,3.30E-04,20
Polr2a,-0.518,1.49E-02,13
Stag2,-0.518,1.70E-04,19
Ipo9,-0.515,2.00E-05,14
Slc35b2,-0.515,2.00E-02,4
Skiv2l2,-0.51,3.21E-03,11
Smarcc1,-0.507,1.00E-05,16
Ddx56,-0.506,5.76E-03,9
Nmt2,-0.503,1.82E-02,12
5730453I16Rik,-0.5,1.44E-02,8
Lgtn,-0.499,3.28E-02,7
Prcc,-0.496,1.02E-02,6
Ube2v2,-0.495,2.21E-02,5
Usp4,-0.49,3.91E-03,12
Arid1a,-0.488,6.00E-05,16
Cbx3,-0.487,4.60E-04,17
Ak2,-0.485,0.00E+00,17
Acat2,-0.483,5.70E-04,14
Snrpd2,-0.483,1.10E-04,12
Glt8d3,-0.478,4.98E-02,6
Ppat,-0.478,5.00E-05,16
Drg1,-0.478,4.00E-04,12
Usp15,-0.476,4.90E-04,17
LOC100045132,-0.474,6.80E-03,6
Lpgat1,-0.474,5.92E-03,13
Tagln2,-0.474,0.00E+00,23
Gcn1l1,-0.472,4.00E-05,24
Trf,-0.472,1.22E-03,16
Amt,-0.47,1.60E-04,16
Smc1a,-0.465,3.61E-03,16
Creld2,-0.465,3.85E-03,13
Htra2,-0.465,8.90E-04,4
Fxyd6,-0.464,6.35E-03,10
Pbrm1,-0.464,3.49E-02,7
Banf1,-0.459,1.50E-04,12
Rock2,-0.459,2.75E-03,16
BC057079,-0.458,1.71E-02,8
Bub3,-0.458,0.00E+00,16
Bxdc2,-0.456,2.80E-04,5
Rprd2,-0.455,1.13E-03,12
Anp32b,-0.454,0.00E+00,14
Ckap4,-0.453,5.33E-03,14
Ctcf,-0.451,5.80E-04,16
Myo1b,-0.451,4.97E-03,16
Hdac2,-0.45,3.00E-05,16
Akr1c14,-0.447,1.30E-04,17
Rbbp4,-0.447,1.41E-02,19
2610301G19Rik,-0.444,0.00E+00,14
Hbs1l,-0.441,2.52E-02,14
Mospd2,-0.44,1.00E-02,14
Ncor2,-0.439,4.25E-02,11
Ap1m1,-0.439,4.76E-02,13
Ybx1,-0.438,5.50E-04,15
Pank4,-0.438,1.79E-03,10
Xpnpep1,-0.437,0.00E+00,12
EG225228,-0.436,4.81E-02,4
Enoph1,-0.432,6.31E-03,11
Rbm25,-0.432,3.05E-02,11
Uba2,-0.43,0.00E+00,16
Ppp1r12a,-0.427,2.44E-02,16
Prep,-0.425,1.02E-03,17
Ilkap,-0.422,1.27E-02,8
Klraq1,-0.419,2.71E-03,13
Rbm39,-0.419,8.60E-04,22
Snrnp70,-0.419,2.30E-02,14
Cpox,-0.419,5.47E-03,14
Papss2,-0.419,0.00E+00,26
Clic1,-0.415,3.04E-03,14
Tpm1,-0.415,1.42E-02,12
Bccip,-0.412,1.68E-02,18
Rbm14,-0.411,1.33E-03,13
Creld1,-0.411,2.37E-02,8
Impdh2,-0.411,0.00E+00,17
OTTMUSG00000019498,-0.411,0.00E+00,17
Flna,-0.408,0.00E+00,24
Bat2d,-0.408,8.15E-03,18
Bclaf1,-0.408,2.20E-04,11
Cnbp,-0.408,8.72E-03,12
Snrnp40,-0.408,1.90E-03,14
Zfml,-0.407,1.44E-02,11
Puf60,-0.404,0.00E+00,19
C330023M02Rik,-0.403,4.90E-04,12
Nmral1,-0.401,1.03E-02,17
Gprin1,-0.399,3.00E-05,18
Gsto1,-0.397,3.92E-02,13
Mbd3,-0.396,9.19E-03,7
Srrm2,-0.392,3.50E-04,6
Sf3a2,-0.39,1.18E-02,8
Plrg1,-0.389,1.65E-03,12
Birc6,-0.388,1.00E-03,16
Eif6,-0.387,2.00E-03,18
Mtap1s,-0.386,1.00E-04,12
Tmem27,-0.385,3.63E-02,13
Aof2,-0.385,5.00E-05,14
LOC100046934,-0.385,5.00E-05,14
Dync1li2,-0.384,3.00E-05,11
Pxn,-0.384,3.74E-02,11
Tbc1d1,-0.383,1.25E-02,4
Ctnnbl1,-0.382,1.71E-03,14
Dock11,-0.382,4.92E-02,12
LOC100047971,-0.382,1.04E-02,11
Ptma,-0.382,1.04E-02,11
Nudt21,-0.381,1.10E-04,12
Atox1,-0.38,1.50E-02,12
Srrt,-0.38,4.00E-05,15
Myh9,-0.38,0.00E+00,18
Sdf2l1,-0.379,9.30E-04,16
Api5,-0.377,2.00E-04,14
Tceb1,-0.376,2.55E-03,5
Ogt,-0.376,1.10E-03,10
Uchl5,-0.375,6.62E-03,12
Sae1,-0.373,0.00E+00,19
Ak3,-0.373,2.71E-02,14
Ddx39,-0.372,2.86E-03,8
Rbm12,-0.372,9.87E-03,10
Syncrip,-0.372,0.00E+00,18
Pabpc1,-0.371,2.00E-05,14
Krt8,-0.37,1.05E-02,18
Nbea,-0.37,3.80E-04,18
Cul4a,-0.369,0.00E+00,29
Ddx21,-0.369,1.08E-02,18
Hnrnpab,-0.369,1.70E-04,23
Myh10,-0.368,0.00E+00,10
Pcyt2,-0.367,5.34E-03,10
Wdr81,-0.365,6.34E-03,5
Calb1,-0.363,1.61E-03,13
Cherp,-0.363,1.40E-04,16
Mtmr7,-0.363,3.00E-04,23
Tsg101,-0.363,6.34E-03,14
Pea15a,-0.358,3.35E-02,12
Nup98,-0.358,1.64E-02,8
Tmx1,-0.358,4.31E-02,13
6430527G18Rik,-0.354,5.40E-04,10
Limd1,-0.354,7.98E-03,14
Sf1,-0.354,3.50E-04,14
Ppp1r8,-0.351,2.27E-02,5
Glud1,-0.35,0.00E+00,20
Ubap2l,-0.35,3.90E-02,17
Prpf40a,-0.349,2.07E-02,11
Blmh,-0.348,3.40E-03,16
Ipo5,-0.348,1.07E-02,22
Jtv1,-0.348,9.00E-04,10
Khdrbs1,-0.348,5.00E-05,15
Sfrs11,-0.347,1.40E-04,14
Osgep,-0.347,8.93E-03,8
Dnajb11,-0.346,1.29E-03,17
Cse1l,-0.346,1.00E-05,18
Isoc1,-0.346,0.00E+00,15
Eif4h,-0.343,2.10E-02,15
Fus,-0.343,0.00E+00,14
Elp2,-0.343,6.35E-03,16
Gtf2i,-0.343,4.57E-02,18
Oxct1,-0.342,0.00E+00,21
Gspt1,-0.34,9.00E-05,22
Ranbp3,-0.339,3.10E-04,11
Sltm,-0.339,7.89E-03,14
EG627352,-0.339,3.69E-02,7
Gls,-0.339,1.64E-03,18
Morf4l1,-0.339,3.69E-02,7
Myh11,-0.339,2.60E-03,14
Smc3,-0.338,4.00E-04,23
Nrd1,-0.337,9.00E-05,13
Ssrp1,-0.337,4.60E-04,15
Bat1a,-0.336,0.00E+00,20
Sf3b3,-0.336,5.00E-05,17
Upf1,-0.336,0.00E+00,14
Cotl1,-0.334,1.48E-03,14
Snrpe,-0.334,6.34E-03,9
Ppib,-0.334,2.09E-03,19
Cugbp1,-0.333,1.20E-04,18
Cdc73,-0.331,1.36E-02,13
LOC100047915,-0.331,5.24E-03,12
Spnb4,-0.331,8.30E-03,9
LOC100047573,-0.331,1.19E-02,17
Rbp4,-0.331,1.19E-02,17
Snrpd3,-0.331,2.00E-02,9
Hdgf,-0.33,6.78E-03,17
Ace2,-0.328,1.03E-03,17
Akr1e1,-0.328,2.46E-03,4
Ankrd44,-0.328,7.98E-03,13
Atp1a3,-0.328,3.22E-02,8
Sart1,-0.328,5.10E-03,12
Grb2,-0.326,1.31E-02,10
Ube4b,-0.325,3.35E-03,15
Spg20,-0.325,2.88E-03,10
Xpo5,-0.325,9.28E-03,21
Thoc5,-0.325,9.00E-05,13
Actl6a,-0.325,8.90E-04,14
Ap1g1,-0.322,0.00E+00,16
Ppm1g,-0.322,1.87E-02,14
Ywhah,-0.319,4.00E-05,19
Gyg,-0.319,1.00E-04,13
Mapre1,-0.316,8.20E-04,14
Lmf2,-0.314,6.88E-03,17
Zfp516,-0.314,5.20E-04,7
Dpy30,-0.313,6.85E-03,18
Npm1,-0.313,0.00E+00,17
Isyna1,-0.31,1.11E-02,13
Sf3b1,-0.31,3.00E-05,16
100042959,-0.31,8.00E-05,19
Ube3a,-0.31,1.38E-02,7
Rps6ka3,-0.308,1.00E-05,14
Ranbp1,-0.307,3.03E-03,12
Saps3,-0.307,1.25E-03,18
Hdac1,-0.307,6.00E-05,15
Cstf2,-0.306,2.00E-05,15
Nsun2,-0.306,2.80E-02,15
Ddx42,-0.305,9.80E-04,14
Son,-0.304,4.79E-02,8
Idh1,-0.303,3.30E-04,17
Ppp6c,-0.303,2.95E-02,14
Dak,-0.303,8.97E-03,16
EG665839,-0.303,8.30E-04,20
Apex1,-0.301,8.00E-05,12
Parp1,-0.3,1.70E-04,20
Smarcc2,-0.3,1.00E-05,16
Trnt1,-0.3,4.16E-02,12
Hmgb1,-0.298,0.00E+00,21
LOC637733,-0.298,5.00E-05,17
Drg2,-0.297,1.61E-03,14
Srm,-0.297,4.92E-03,19
Iqgap1,-0.296,0.00E+00,16
Tsfm,-0.296,4.70E-04,17
Twsg1,-0.295,1.63E-03,14
Ddx5,-0.295,5.00E-05,14
Ppp2r5c,-0.294,1.12E-02,14
Chd3,-0.292,1.53E-02,12
Eif4a3,-0.292,2.80E-04,15
Nptn,-0.291,4.82E-02,8
Rbmx,-0.291,5.37E-03,8
Slc27a4,-0.291,4.75E-02,18
Cpne1,-0.29,2.24E-02,8
Ddx47,-0.29,1.00E-03,11
Pfdn5,-0.29,2.87E-02,14
Pofut2,-0.29,2.28E-02,14
Eif4g1,-0.288,1.13E-03,12
Rpia,-0.288,1.11E-03,14
100041985,-0.286,1.12E-03,17
Capza1,-0.286,1.12E-03,17
Spcs3,-0.286,3.40E-02,10
LOC100039215,-0.284,1.22E-02,14
Tbcb,-0.284,7.52E-03,6
Tsnax,-0.284,1.22E-02,14
Trip12,-0.283,4.18E-02,18
Mybbp1a,-0.282,2.00E-05,26
Srrm1,-0.281,1.32E-03,12
Ap1m2,-0.28,4.50E-02,18
Dcps,-0.28,1.00E-05,14
Hnrnpr,-0.279,7.50E-04,19
Dbr1,-0.278,1.56E-02,12
Npepl1,-0.278,6.48E-03,17
Pex19,-0.278,2.20E-04,11
LOC637796,-0.277,4.29E-02,11
Mff,-0.277,4.29E-02,11
Ak1,-0.277,0.00E+00,22
Hnrpdl,-0.277,1.10E-04,14
Me2,-0.276,3.26E-02,14
Hnrnpk,-0.275,1.60E-04,8
Myl12b,-0.275,1.23E-02,13
Prpf19,-0.275,0.00E+00,21
Cdc5l,-0.274,1.30E-04,17
2900073G15Rik,-0.273,1.32E-02,10
Anp32a,-0.273,2.94E-03,18
Gimap4,-0.273,2.00E-02,13
Ddx17,-0.272,0.00E+00,17
Exosc4,-0.272,4.72E-02,11
Impa1,-0.272,1.03E-03,4
Dnaja1,-0.271,1.12E-03,22
Hnrnph1,-0.27,0.00E+00,17
Rpl10a,-0.27,2.00E-05,7
Pds5a,-0.27,2.38E-02,14
Cnot1,-0.268,1.59E-02,10
Hccs,-0.268,2.33E-02,8
Wdr42a,-0.268,1.58E-02,12
Shc1,-0.265,4.44E-02,8
Snrnp200,-0.265,0.00E+00,24
Eef2,-0.265,0.00E+00,21
Smu1,-0.265,3.33E-03,11
Tjp1,-0.265,3.15E-03,14
